<?xml version="1.0"?>
<COLLADA xmlns="http://www.collada.org/2005/11/COLLADASchema" version="1.4.1">
    <asset>
        <contributor>
            <authoring_tool>J3D Ripoff Exporter</authoring_tool>
        </contributor>
        <created>2023-02-22T04:45:41.905Z</created>
        <modified>2023-02-22T04:45:41.905Z</modified>
		<unit meter="0.01" name="centimeter" ></unit>
        <up_axis>Y_UP</up_axis>
    </asset>
    <library_images>
        <image id="tex0">
            <init_from>B_sterJimi.png</init_from>
        </image>
        <image id="tex1">
            <init_from>B_sterJimi.png</init_from>
        </image>
        <image id="tex2">
            <init_from>B_skySunsetCloud.png</init_from>
        </image>
        <image id="tex3">
            <init_from>B_sunsetgrade.png</init_from>
        </image>
        <image id="tex4">
            <init_from>B_sky_kumo128.png</init_from>
        </image>
        <image id="tex5">
            <init_from>B_sky_kumo128.png</init_from>
        </image>
        <image id="tex6">
            <init_from>B_sunsetgrade.png</init_from>
        </image>
        <image id="tex_vc">
            <init_from>vertexColors.png</init_from>
        </image>
    </library_images>
    <library_effects>
        <effect id="effect0">
            <profile_COMMON>
                <newparam sid="surface0">
                    <surface type="2D">
                        <init_from>tex6</init_from>
                    </surface>
                </newparam>
                <newparam sid="sampler0">
                    <sampler2D>
                        <source>surface0</source>
                    </sampler2D>
                </newparam>
                <technique sid="COMMON">
                    <blinn>
                        <diffuse>
                            <texture texture="sampler0" texcoord="UVSET0"></texture>
                        </diffuse>
                    </blinn>
                </technique>
            </profile_COMMON>
        </effect>
        <effect id="effect1">
            <profile_COMMON>
                <newparam sid="surface1">
                    <surface type="2D">
                        <init_from>tex4</init_from>
                    </surface>
                </newparam>
                <newparam sid="sampler1">
                    <sampler2D>
                        <source>surface1</source>
                    </sampler2D>
                </newparam>
                <technique sid="COMMON">
                    <blinn>
                        <diffuse>
                            <texture texture="sampler1" texcoord="UVSET0"></texture>
                        </diffuse>
                    </blinn>
                </technique>
            </profile_COMMON>
        </effect>
        <effect id="effect2">
            <profile_COMMON>
                <newparam sid="surface2">
                    <surface type="2D">
                        <init_from>tex3</init_from>
                    </surface>
                </newparam>
                <newparam sid="sampler2">
                    <sampler2D>
                        <source>surface2</source>
                    </sampler2D>
                </newparam>
                <technique sid="COMMON">
                    <blinn>
                        <diffuse>
                            <texture texture="sampler2" texcoord="UVSET0"></texture>
                        </diffuse>
                    </blinn>
                </technique>
            </profile_COMMON>
        </effect>
        <effect id="effect3">
            <profile_COMMON>
                <newparam sid="surface3">
                    <surface type="2D">
                        <init_from>tex2</init_from>
                    </surface>
                </newparam>
                <newparam sid="sampler3">
                    <sampler2D>
                        <source>surface3</source>
                    </sampler2D>
                </newparam>
                <technique sid="COMMON">
                    <blinn>
                        <diffuse>
                            <texture texture="sampler3" texcoord="UVSET0"></texture>
                        </diffuse>
                    </blinn>
                </technique>
            </profile_COMMON>
        </effect>
        <effect id="effect4">
            <profile_COMMON>
                <newparam sid="surface4">
                    <surface type="2D">
                        <init_from>tex0</init_from>
                    </surface>
                </newparam>
                <newparam sid="sampler4">
                    <sampler2D>
                        <source>surface4</source>
                    </sampler2D>
                </newparam>
                <technique sid="COMMON">
                    <blinn>
                        <diffuse>
                            <texture texture="sampler4" texcoord="UVSET0"></texture>
                        </diffuse>
                    </blinn>
                </technique>
            </profile_COMMON>
        </effect>
        <effect id="effect4_1">
            <profile_COMMON>
                <newparam sid="surface4_1">
                    <surface type="2D">
                        <init_from>tex1</init_from>
                    </surface>
                </newparam>
                <newparam sid="sampler4_1">
                    <sampler2D>
                        <source>surface4_1</source>
                    </sampler2D>
                </newparam>
                <technique sid="COMMON">
                    <blinn>
                        <diffuse>
                            <texture texture="sampler4_1" texcoord="UVSET0"></texture>
                        </diffuse>
                    </blinn>
                </technique>
            </profile_COMMON>
        </effect>
        <effect id="effect_vc">
            <profile_COMMON>
                <newparam sid="surface_vc">
                    <surface type="2D">
                        <init_from>tex_vc</init_from>
                    </surface>
                </newparam>
                <newparam sid="sampler_vc">
                    <sampler2D>
                        <source>surface_vc</source>
                    </sampler2D>
                </newparam>
                <technique sid="COMMON">
                    <blinn>
                        <diffuse>
                            <texture texture="sampler_vc" texcoord="UVSET0"></texture>
                        </diffuse>
                    </blinn>
                </technique>
            </profile_COMMON>
        </effect>
    </library_effects>
    <library_materials>
        <material id="mat0" name="_02_sea">
            <instance_effect url="#effect0"></instance_effect>
        </material>
        <material id="mat1" name="_02_usugumo">
            <instance_effect url="#effect1"></instance_effect>
        </material>
        <material id="mat2" name="_03_sky">
            <instance_effect url="#effect2"></instance_effect>
        </material>
        <material id="mat3" name="_Enk">
            <instance_effect url="#effect3"></instance_effect>
        </material>
        <material id="mat4" name="_zodiac">
            <instance_effect url="#effect4"></instance_effect>
        </material>
        <material id="mat4_1" name="_zodiac_uv2">
            <instance_effect url="#effect4_1"></instance_effect>
        </material>
        <material id="mat_vc" name="vertexColors">
            <instance_effect url="#effect_vc"></instance_effect>
        </material>
    </library_materials>
    <library_geometries>
        <geometry id="mesh0">
            <mesh>
                <source id="points0">
                    <float_array id="pointarray0" count="903">-58019.296875 -9500 -70133.2890625 -58414.2265625 -12344.423828125 -62204.84765625 -62308.5234375 -9500 -66351.8359375 -62204.84765625 -12344.423828125 -58414.2265625 -66351.8359375 -9500 -62308.5234375 -65749.96875 -12344.421875 -54393.09375 -70133.2890625 -9500 -58019.296875 -69035.5859375 -12344.423828125 -50157.2890625 -73637.9609375 -9500 -53501.109375 -72048.7734375 -12344.4228515625 -45723.5390625 -76852.0234375 -9500 -48771.77734375 -74777.59375 -12344.423828125 -41109.33203125 -79762.78125 -9500 -43849.95703125 -77211.328125 -12344.4228515625 -36332.89453125 -82358.7421875 -9500 -38755.08203125 -79340.3203125 -12344.4228515625 -31413.0546875 -84629.6875 -9500 -33507.2578125 -81156.2109375 -12344.4228515625 -26369.2421875 -86566.625 -9500 -28127.1953125 -82651.8046875 -12344.421875 -21221.37109375 -88161.9375 -9500 -22636.1328125 -83821.2109375 -12344.4228515625 -15989.748046875 -89409.28125 -9500 -17055.732421875 -84659.8125 -12344.421875 -10695.0205078125 -90303.796875 -9500 -11408.021484375 -85164.3046875 -12344.421875 -5358.08154296875 -90841.90625 -9500 -5715.2880859375 -85332.6875 -12344.4228515625 0 -91021.5234375 -9500 0 -85164.28125 -12344.423828125 5358.0830078125 -90841.90625 -9500 5715.28857421875 -84659.796875 -12344.423828125 10695.021484375 -90303.7890625 -9500 11408.0224609375 -83821.1875 -12344.423828125 15989.748046875 -89409.28125 -9500 17055.732421875 -82651.796875 -12344.4228515625 21221.375 -88161.9140625 -9500 22636.1328125 -81156.1953125 -12344.4228515625 26369.2421875 -86566.625 -9500 28127.1953125 -79340.3203125 -12344.4228515625 31413.0546875 -84629.6796875 -9500 33507.2578125 -77211.3125 -12344.4228515625 36332.8828125 -82358.7421875 -9500 38755.078125 -74777.59375 -12344.421875 41109.33203125 -79762.765625 -9500 43849.95703125 -72048.7578125 -12344.423828125 45723.5390625 -76852.015625 -9500 48771.7734375 -69035.5859375 -12344.423828125 50157.2890625 -73637.9609375 -9500 53501.109375 -65749.96875 -12344.421875 54393.09375 66351.8359375 -9500 -62308.5234375 58414.2265625 -12344.423828125 -62204.84765625 62308.5234375 -9500 -66351.8359375 54393.09375 -12344.421875 -65749.96875 58019.296875 -9500 -70133.2890625 50157.2890625 -12344.423828125 -69035.5859375 53501.109375 -9500 -73637.9609375 45723.5390625 -12344.4228515625 -72048.7734375 48771.77734375 -9500 -76852.0234375 41109.33203125 -12344.423828125 -74777.59375 43849.95703125 -9500 -79762.78125 36332.89453125 -12344.4228515625 -77211.328125 38755.08203125 -9500 -82358.7421875 31413.0546875 -12344.4228515625 -79340.3203125 33507.2578125 -9500 -84629.6875 26369.2421875 -12344.4228515625 -81156.2109375 28127.1953125 -9500 -86566.625 21221.37109375 -12344.421875 -82651.8046875 22636.1328125 -9500 -88161.9375 15989.748046875 -12344.4228515625 -83821.2109375 17055.732421875 -9500 -89409.28125 10695.0205078125 -12344.421875 -84659.8125 11408.021484375 -9500 -90303.796875 5358.08154296875 -12344.421875 -85164.3046875 5715.2880859375 -9500 -90841.90625 -0.001069999998435378 -12344.4228515625 -85332.6875 -0.0011399999493733048 -9500 -91021.5234375 -5358.083984375 -12344.421875 -85164.3046875 -5715.2900390625 -9500 -90841.90625 -10695.0234375 -12344.421875 -84659.8125 -11408.025390625 -9500 -90303.796875 -15989.748046875 -12344.4228515625 -83821.2109375 -17055.734375 -9500 -89409.28125 -21221.375 -12344.4228515625 -82651.8046875 -22636.134765625 -9500 -88161.9375 -26369.25 -12344.4228515625 -81156.2109375 -28127.1953125 -9500 -86566.625 -31413.0546875 -12344.4228515625 -79340.3203125 -33507.2578125 -9500 -84629.6875 -36332.89453125 -12344.4228515625 -77211.328125 -38755.08203125 -9500 -82358.7421875 -41109.33203125 -12344.423828125 -74777.59375 -43849.95703125 -9500 -79762.78125 -45723.5390625 -12344.4228515625 -72048.7734375 -48771.77734375 -9500 -76852.0234375 -50157.2890625 -12344.423828125 -69035.5859375 -53501.109375 -9500 -73637.9609375 -54393.09375 -12344.421875 -65749.96875 66351.8359375 -9500 62308.5234375 65749.96875 -12344.421875 54393.09375 70133.2890625 -9500 58019.296875 69035.5859375 -12344.423828125 50157.2890625 73637.9609375 -9500 53501.109375 72048.7734375 -12344.4228515625 45723.5390625 76852.0234375 -9500 48771.77734375 74777.59375 -12344.423828125 41109.33203125 79762.78125 -9500 43849.95703125 77211.328125 -12344.4228515625 36332.89453125 82358.7421875 -9500 38755.08203125 79340.3203125 -12344.4228515625 31413.0546875 84629.6875 -9500 33507.2578125 81156.2109375 -12344.4228515625 26369.2421875 86566.625 -9500 28127.1953125 82651.8046875 -12344.421875 21221.37109375 88161.9375 -9500 22636.1328125 83821.2109375 -12344.4228515625 15989.748046875 89409.28125 -9500 17055.732421875 84659.8125 -12344.421875 10695.0205078125 90303.796875 -9500 11408.021484375 85164.3046875 -12344.421875 5358.08154296875 90841.90625 -9500 5715.2880859375 85332.6875 -12344.4228515625 -0.001069999998435378 91021.5234375 -9500 -0.0011399999493733048 85164.3046875 -12344.421875 -5358.083984375 90841.90625 -9500 -5715.2900390625 84659.8125 -12344.421875 -10695.0234375 90303.796875 -9500 -11408.025390625 83821.2109375 -12344.4228515625 -15989.748046875 89409.28125 -9500 -17055.734375 82651.8046875 -12344.4228515625 -21221.375 88161.9375 -9500 -22636.134765625 81156.2109375 -12344.4228515625 -26369.25 86566.625 -9500 -28127.1953125 79340.3203125 -12344.4228515625 -31413.0546875 84629.6875 -9500 -33507.2578125 77211.328125 -12344.4228515625 -36332.89453125 82358.7421875 -9500 -38755.08203125 74777.59375 -12344.423828125 -41109.33203125 79762.78125 -9500 -43849.95703125 72048.7734375 -12344.4228515625 -45723.5390625 76852.0234375 -9500 -48771.77734375 69035.5859375 -12344.423828125 -50157.2890625 73637.9609375 -9500 -53501.109375 65749.96875 -12344.421875 -54393.09375 -62308.5234375 -9500 66351.8359375 -54393.09375 -12344.421875 65749.96875 -58019.296875 -9500 70133.2890625 -50157.2890625 -12344.423828125 69035.5859375 -53501.109375 -9500 73637.9609375 -45723.5390625 -12344.4228515625 72048.7734375 -48771.77734375 -9500 76852.0234375 -41109.33203125 -12344.423828125 74777.59375 -43849.95703125 -9500 79762.78125 -36332.89453125 -12344.4228515625 77211.328125 -38755.08203125 -9500 82358.7421875 -31413.0546875 -12344.4228515625 79340.3203125 -33507.2578125 -9500 84629.6875 -26369.2421875 -12344.4228515625 81156.2109375 -28127.1953125 -9500 86566.625 -21221.37109375 -12344.421875 82651.8046875 -22636.1328125 -9500 88161.9375 -15989.748046875 -12344.4228515625 83821.2109375 -17055.732421875 -9500 89409.28125 -10695.0205078125 -12344.421875 84659.8125 -11408.021484375 -9500 90303.796875 -5358.08154296875 -12344.421875 85164.3046875 -5715.2880859375 -9500 90841.90625 0.001069999998435378 -12344.4228515625 85332.6875 0.0011399999493733048 -9500 91021.5234375 5358.083984375 -12344.421875 85164.3046875 5715.2900390625 -9500 90841.90625 10695.0234375 -12344.421875 84659.8125 11408.025390625 -9500 90303.796875 15989.748046875 -12344.4228515625 83821.2109375 17055.734375 -9500 89409.28125 21221.375 -12344.4228515625 82651.8046875 22636.134765625 -9500 88161.9375 26369.25 -12344.4228515625 81156.2109375 28127.1953125 -9500 86566.625 31413.0546875 -12344.4228515625 79340.3203125 33507.2578125 -9500 84629.6875 36332.89453125 -12344.4228515625 77211.328125 38755.08203125 -9500 82358.7421875 41109.33203125 -12344.423828125 74777.59375 43849.95703125 -9500 79762.78125 45723.5390625 -12344.4228515625 72048.7734375 48771.77734375 -9500 76852.0234375 50157.2890625 -12344.423828125 69035.5859375 53501.109375 -9500 73637.9609375 54393.09375 -12344.421875 65749.96875 13184.62109375 -33677.59375 -40578.10546875 15706.52734375 -33677.59375 -39670.16015625 0 -55010.76171875 0 18166.447265625 -33677.59375 -38605.6640625 20554.666015625 -33677.59375 -37388.796875 -27196.546875 -33677.58984375 -32874.984375 -25078.64453125 -33677.59375 -34517.79296875 -22861.76953125 -33677.59375 -36024.38671875 -20554.666015625 -33677.59375 -37388.796875 -40578.10546875 -33677.59375 -13184.62109375 -39670.16015625 -33677.59375 -15706.52734375 -38605.6640625 -33677.59375 -18166.447265625 -37388.796875 -33677.59375 -20554.666015625 -40578.09765625 -33677.59375 13184.62109375 -41325.8984375 -33677.59375 10610.6875 -41910.59375 -33677.59375 7994.8740234375 -42329.8984375 -33677.59375 5347.5107421875 40578.10546875 -33677.59375 13184.62109375 39670.16015625 -33677.59375 15706.52734375 38605.6640625 -33677.59375 18166.447265625 37388.796875 -33677.59375 20554.666015625 32874.984375 -33677.58984375 -27196.546875 34517.79296875 -33677.59375 -25078.64453125 36024.38671875 -33677.59375 -22861.76953125 37388.796875 -33677.59375 -20554.666015625 -32874.984375 -33677.58984375 27196.546875 -34517.79296875 -33677.59375 25078.64453125 -36024.37890625 -33677.59375 22861.76953125 -37388.796875 -33677.59375 20554.666015625 -13184.62109375 -33677.59375 40578.10546875 -15706.52734375 -33677.59375 39670.16015625 -18166.447265625 -33677.59375 38605.6640625 -20554.666015625 -33677.59375 37388.796875 27196.546875 -33677.58984375 32874.984375 25078.64453125 -33677.59375 34517.79296875 22861.76953125 -33677.59375 36024.38671875 20554.666015625 -33677.59375 37388.796875 -18166.447265625 -33677.59375 -38605.6640625 -15706.52734375 -33677.59375 -39670.16015625 -13184.625 -33677.59375 -40578.10546875 18166.447265625 -33677.59375 38605.6640625 15706.52734375 -33677.59375 39670.16015625 13184.625 -33677.59375 40578.10546875 10610.6875 -33677.59375 41325.90234375 7994.8740234375 -33677.59375 41910.60546875 5347.51171875 -33677.58984375 42329.90625 2679.0419921875 -33677.58984375 42582.15234375 0.0005300000193528831 -33677.59375 42666.34375 -2679.040771484375 -33677.58984375 42582.15234375 -5347.51025390625 -33677.58984375 42329.90625 -7994.8740234375 -33677.59375 41910.60546875 -10610.685546875 -33677.59375 41325.90234375 22861.76953125 -33677.59375 -36024.38671875 25078.64453125 -33677.59375 -34517.79296875 27196.546875 -33677.58984375 -32874.984375 -41910.60546875 -33677.59375 -7994.8740234375 -42329.90625 -33677.58984375 -5347.51025390625 -42582.15234375 -33677.58984375 -2679.040771484375 10610.685546875 -33677.59375 -41325.90234375 7994.8740234375 -33677.59375 -41910.60546875 5347.51025390625 -33677.58984375 -42329.90625 2679.040771484375 -33677.58984375 -42582.15234375 -0.0005300000193528831 -33677.59375 -42666.34375 -2679.0419921875 -33677.58984375 -42582.15234375 -32874.984375 -33677.58984375 -27196.546875 -34517.79296875 -33677.59375 -25078.64453125 -36024.38671875 -33677.59375 -22861.76953125 -41325.90234375 -33677.59375 -10610.685546875 -22861.76953125 -33677.59375 36024.38671875 -25078.64453125 -33677.59375 34517.79296875 -27196.546875 -33677.58984375 32874.984375 41325.90234375 -33677.59375 10610.685546875 41910.60546875 -33677.59375 7994.8740234375 42329.90625 -33677.58984375 5347.51025390625 42582.15234375 -33677.58984375 2679.040771484375 42666.34375 -33677.59375 -0.0005300000193528831 42582.15234375 -33677.58984375 -2679.0419921875 42329.90625 -33677.58984375 -5347.51171875 41910.60546875 -33677.59375 -7994.8740234375 41325.90234375 -33677.59375 -10610.6875 40578.10546875 -33677.59375 -13184.625 39670.16015625 -33677.59375 -15706.52734375 38605.6640625 -33677.59375 -18166.447265625 -5347.51171875 -33677.58984375 -42329.90625 -7994.8740234375 -33677.59375 -41910.60546875 -42666.34375 -33677.59375 0 -42582.140625 -33677.59375 2679.04150390625 -38605.65625 -33677.59375 18166.44140625 -39670.16015625 -33677.59375 15706.52734375 36024.38671875 -33677.59375 22861.76953125 34517.79296875 -33677.59375 25078.64453125 32874.984375 -33677.58984375 27196.546875 -31102.423828125 -33677.59375 29207.11328125 -62204.84765625 -12344.423828125 58414.2265625 -70133.2890625 -9500 58019.296875 29207.11328125 -33677.59375 -31102.423828125 62204.84765625 -12344.423828125 -58414.2265625 70133.2890625 -9500 -58019.296875 -29207.11328125 -33677.59375 -31102.423828125 31102.423828125 -33677.59375 -29207.11328125 -10610.6875 -33677.59375 -41325.90234375 62204.84765625 -12344.423828125 58414.2265625 62308.5234375 -9500 66351.8359375 31102.423828125 -33677.59375 29207.11328125 58414.2265625 -12344.423828125 62204.84765625 58019.296875 -9500 70133.2890625 29207.11328125 -33677.59375 31102.423828125 -29207.11328125 -33677.59375 31102.423828125 -58414.2265625 -12344.423828125 62204.84765625 -66351.8359375 -9500 62308.5234375 -31102.423828125 -33677.59375 -29207.11328125</float_array>
                    <technique_common>
                        <accessor count="301" source="#pointarray0" stride="3">
                            <param name="X" type="float"/>
                            <param name="Y" type="float"/>
                            <param name="Z" type="float"/>
                        </accessor>
                    </technique_common>
                </source>
                <source id="uvs0">
                    <float_array id="uvarray0" count="602">3.3984375 0.890625 3.41796875 0.84765625 3.61328125 0.87109375 3.609375 0.828125 3.81640625 0.84765625 3.78515625 0.8046875 4.00390625 0.82421875 3.94921875 0.78125 4.1796875 0.80078125 4.1015625 0.7578125 4.33984375 0.7734375 4.23828125 0.73046875 4.484375 0.74609375 4.359375 0.703125 4.6171875 0.71875 4.46484375 0.67578125 4.73046875 0.6875 4.5546875 0.6484375 4.828125 0.66015625 4.62890625 0.62109375 4.90625 0.62890625 4.6875 0.58984375 4.96875 0.59765625 4.73046875 0.5625 5.01171875 0.56640625 4.7578125 0.53125 5.0390625 0.53515625 4.765625 0.5 5.05078125 0.5 4.7578125 0.47265625 5.0390625 0.46875 4.73046875 0.44140625 5.01171875 0.4375 4.6875 0.4140625 4.96875 0.40625 4.62890625 0.3828125 4.90625 0.375 4.5546875 0.35546875 4.828125 0.34375 4.46484375 0.328125 4.73046875 0.31640625 4.359375 0.30078125 4.6171875 0.28515625 4.23828125 0.2734375 4.484375 0.2578125 4.1015625 0.24609375 4.33984375 0.23046875 3.94921875 0.22265625 4.1796875 0.203125 3.78515625 0.19921875 -2.81640625 0.84765625 -2.41796875 0.84765625 -2.61328125 0.87109375 -2.21875 0.8671875 -2.3984375 0.890625 -2.0078125 0.88671875 -2.171875 0.91015625 -1.78515625 0.90234375 -1.9375 0.9296875 -1.5546875 0.91796875 -1.69140625 0.9453125 -1.31640625 0.9296875 -1.4375 0.9609375 -1.0703125 0.94140625 -1.171875 0.97265625 -0.81640625 0.953125 -0.90625 0.984375 -0.55859375 0.9609375 -0.62890625 0.9921875 -0.296875 0.96875 -0.3515625 1 -0.03125 0.97265625 -0.0703125 1 0.23046875 0.9765625 0.2109375 1.00390625 0.5 0.9765625 0.5 1.00390625 0.765625 0.9765625 0.78515625 1.00390625 1.03125 0.97265625 1.0703125 1 1.296875 0.96875 1.3515625 1 1.55859375 0.9609375 1.62890625 0.9921875 1.81640625 0.953125 1.90625 0.984375 2.0703125 0.94140625 2.171875 0.97265625 2.31640625 0.9296875 2.4375 0.9609375 2.5546875 0.91796875 2.69140625 0.9453125 2.78515625 0.90234375 2.9375 0.9296875 3.0078125 0.88671875 3.171875 0.91015625 3.21875 0.8671875 -2.81640625 0.15625 -2.78515625 0.19921875 -3.00390625 0.1796875 -2.94921875 0.22265625 -3.1796875 0.203125 -3.1015625 0.24609375 -3.33984375 0.23046875 -3.23828125 0.2734375 -3.484375 0.2578125 -3.359375 0.30078125 -3.6171875 0.28515625 -3.46484375 0.328125 -3.73046875 0.31640625 -3.5546875 0.35546875 -3.828125 0.34375 -3.62890625 0.3828125 -3.90625 0.375 -3.6875 0.4140625 -3.96875 0.40625 -3.73046875 0.44140625 -4.01171875 0.4375 -3.7578125 0.47265625 -4.0390625 0.46875 -3.765625 0.5 -4.05078125 0.5 -3.7578125 0.53125 -4.0390625 0.53515625 -3.73046875 0.5625 -4.01171875 0.56640625 -3.6875 0.58984375 -3.96875 0.59765625 -3.62890625 0.62109375 -3.90625 0.62890625 -3.5546875 0.6484375 -3.828125 0.66015625 -3.46484375 0.67578125 -3.73046875 0.6875 -3.359375 0.703125 -3.6171875 0.71875 -3.23828125 0.73046875 -3.484375 0.74609375 -3.1015625 0.7578125 -3.33984375 0.7734375 -2.94921875 0.78125 -3.1796875 0.80078125 -2.78515625 0.8046875 3.61328125 0.1328125 3.21875 0.13671875 3.3984375 0.11328125 3.0078125 0.1171875 3.171875 0.09375 2.78515625 0.1015625 2.9375 0.07421875 2.5546875 0.0859375 2.69140625 0.05859375 2.31640625 0.07421875 2.4375 0.04296875 2.0703125 0.0625 2.171875 0.03125 1.81640625 0.05078125 1.90625 0.01953125 1.55859375 0.04296875 1.62890625 0.01171875 1.296875 0.03515625 1.3515625 0.00390625 1.03125 0.03125 1.0703125 0 0.765625 0.02734375 0.78515625 -0.00390625 0.5 0.02734375 0.5 -0.00390625 0.23046875 0.02734375 0.2109375 -0.00390625 -0.03125 0.03125 -0.0703125 0 -0.296875 0.03515625 -0.3515625 0.00390625 -0.55859375 0.04296875 -0.62890625 0.01171875 -0.81640625 0.05078125 -0.90625 0.01953125 -1.0703125 0.0625 -1.171875 0.03125 -1.31640625 0.07421875 -1.4375 0.04296875 -1.5546875 0.0859375 -1.69140625 0.05859375 -1.78515625 0.1015625 -1.9375 0.07421875 -2.0078125 0.1171875 -2.171875 0.09375 -2.21875 0.13671875 -0.15625 0.7265625 -0.28515625 0.72265625 0.5 0.5 -0.40625 0.71484375 -0.52734375 0.7109375 1.859375 0.68359375 1.75390625 0.6953125 1.640625 0.703125 1.52734375 0.7109375 2.52734375 0.57421875 2.48046875 0.58984375 2.4296875 0.6015625 2.3671875 0.6171875 2.52734375 0.4296875 2.5625 0.44140625 2.59375 0.45703125 2.61328125 0.47265625 -1.52734375 0.4296875 -1.48046875 0.4140625 -1.4296875 0.40234375 -1.3671875 0.38671875 -1.140625 0.65234375 -1.22265625 0.640625 -1.30078125 0.62890625 -1.3671875 0.6171875 2.140625 0.3515625 2.22265625 0.36328125 2.30078125 0.375 2.3671875 0.38671875 1.15625 0.27734375 1.28515625 0.28125 1.40625 0.2890625 1.52734375 0.29296875 -0.859375 0.3203125 -0.75390625 0.30859375 -0.640625 0.30078125 -0.52734375 0.29296875 1.40625 0.71484375 1.28515625 0.72265625 1.15625 0.7265625 -0.40625 0.2890625 -0.28515625 0.28125 -0.15625 0.27734375 -0.02734375 0.2734375 0.09765625 0.26953125 0.23046875 0.265625 0.36328125 0.265625 0.5 0.265625 0.6328125 0.265625 0.765625 0.265625 0.8984375 0.26953125 1.02734375 0.2734375 -0.640625 0.703125 -0.75390625 0.6953125 -0.859375 0.68359375 2.59375 0.546875 2.61328125 0.53125 2.62890625 0.515625 -0.02734375 0.73046875 0.09765625 0.734375 0.23046875 0.73828125 0.36328125 0.73828125 0.5 0.73828125 0.6328125 0.73828125 2.140625 0.65234375 2.22265625 0.640625 2.30078125 0.62890625 2.5625 0.5625 1.640625 0.30078125 1.75390625 0.30859375 1.859375 0.3203125 -1.5625 0.44140625 -1.59375 0.45703125 -1.61328125 0.47265625 -1.62890625 0.48828125 -1.6328125 0.5 -1.62890625 0.515625 -1.61328125 0.53125 -1.59375 0.546875 -1.5625 0.5625 -1.52734375 0.57421875 -1.48046875 0.58984375 -1.4296875 0.6015625 0.765625 0.73828125 0.8984375 0.734375 2.6328125 0.5 2.62890625 0.48828125 2.4296875 0.40234375 2.48046875 0.4140625 -1.30078125 0.375 -1.22265625 0.36328125 -1.140625 0.3515625 2.0546875 0.33984375 3.609375 0.17578125 4.00390625 0.1796875 -0.95703125 0.67578125 -2.609375 0.828125 -3.00390625 0.82421875 1.95703125 0.67578125 -1.0546875 0.6640625 1.02734375 0.73046875 -2.609375 0.17578125 -2.61328125 0.1328125 -1.0546875 0.33984375 -2.41796875 0.15625 -2.3984375 0.11328125 -0.95703125 0.328125 1.95703125 0.328125 3.41796875 0.15625 3.81640625 0.15625 2.0546875 0.6640625</float_array>
                    <technique_common>
                        <accessor count="1" source="#uvarray0" stride="2">
                            <param name="S" type="float"/>
                            <param name="T" type="float"/>
                        </accessor>
                    </technique_common>
                </source>
                <vertices id="vertices0">
                    <input semantic="POSITION" source="#points0"/>
                </vertices>
                <polylist count="500" material="Material1">
                    <input offset="0" semantic="VERTEX" source="#vertices0"/>
                    <input offset="1" semantic="TEXCOORD" source="#uvs0" set="0"/>
                    <vcount>3 3 3 3 3 3 3 3 3 3 3 3 3 3 3 3 3 3 3 3 3 3 3 3 3 3 3 3 3 3 3 3 3 3 3 3 3 3 3 3 3 3 3 3 3 3 3 3 3 3 3 3 3 3 3 3 3 3 3 3 3 3 3 3 3 3 3 3 3 3 3 3 3 3 3 3 3 3 3 3 3 3 3 3 3 3 3 3 3 3 3 3 3 3 3 3 3 3 3 3 3 3 3 3 3 3 3 3 3 3 3 3 3 3 3 3 3 3 3 3 3 3 3 3 3 3 3 3 3 3 3 3 3 3 3 3 3 3 3 3 3 3 3 3 3 3 3 3 3 3 3 3 3 3 3 3 3 3 3 3 3 3 3 3 3 3 3 3 3 3 3 3 3 3 3 3 3 3 3 3 3 3 3 3 3 3 3 3 3 3 3 3 3 3 3 3 3 3 3 3 3 3 3 3 3 3 3 3 3 3 3 3 3 3 3 3 3 3 3 3 3 3 3 3 3 3 3 3 3 3 3 3 3 3 3 3 3 3 3 3 3 3 3 3 3 3 3 3 3 3 3 3 3 3 3 3 3 3 3 3 3 3 3 3 3 3 3 3 3 3 3 3 3 3 3 3 3 3 3 3 3 3 3 3 3 3 3 3 3 3 3 3 3 3 3 3 3 3 3 3 3 3 3 3 3 3 3 3 3 3 3 3 3 3 3 3 3 3 3 3 3 3 3 3 3 3 3 3 3 3 3 3 3 3 3 3 3 3 3 3 3 3 3 3 3 3 3 3 3 3 3 3 3 3 3 3 3 3 3 3 3 3 3 3 3 3 3 3 3 3 3 3 3 3 3 3 3 3 3 3 3 3 3 3 3 3 3 3 3 3 3 3 3 3 3 3 3 3 3 3 3 3 3 3 3 3 3 3 3 3 3 3 3 3 3 3 3 3 3 3 3 3 3 3 3 3 3 3 3 3 3 3 3 3 3 3 3 3 3 3 3 3 3 3 3 3 3 3 3 3 3 3 3 3 3 3 3 3 3 3 3 3 3 3 3 3 3 3 3 3 3 3 3 3 3 3 3 3 3 3 3 3 3 3 3 3 3 3 3 3 3 3 3 3 3 3 3 3 3 3</vcount>
                    <p>2 2 1 1 0 0 3 3 1 1 2 2 4 4 3 3 2 2 5 5 3 3 4 4 6 6 5 5 4 4 7 7 5 5 6 6 8 8 7 7 6 6 9 9 7 7 8 8 10 10 9 9 8 8 11 11 9 9 10 10 12 12 11 11 10 10 13 13 11 11 12 12 14 14 13 13 12 12 15 15 13 13 14 14 16 16 15 15 14 14 17 17 15 15 16 16 18 18 17 17 16 16 19 19 17 17 18 18 20 20 19 19 18 18 21 21 19 19 20 20 22 22 21 21 20 20 23 23 21 21 22 22 24 24 23 23 22 22 25 25 23 23 24 24 26 26 25 25 24 24 27 27 25 25 26 26 28 28 27 27 26 26 29 29 27 27 28 28 30 30 29 29 28 28 31 31 29 29 30 30 32 32 31 31 30 30 33 33 31 31 32 32 34 34 33 33 32 32 35 35 33 33 34 34 36 36 35 35 34 34 37 37 35 35 36 36 38 38 37 37 36 36 39 39 37 37 38 38 40 40 39 39 38 38 41 41 39 39 40 40 42 42 41 41 40 40 43 43 41 41 42 42 44 44 43 43 42 42 45 45 43 43 44 44 46 46 45 45 44 44 47 47 45 45 46 46 48 48 47 47 46 46 49 49 47 47 48 48 52 52 51 51 50 50 53 53 51 51 52 52 54 54 53 53 52 52 55 55 53 53 54 54 56 56 55 55 54 54 57 57 55 55 56 56 58 58 57 57 56 56 59 59 57 57 58 58 60 60 59 59 58 58 61 61 59 59 60 60 62 62 61 61 60 60 63 63 61 61 62 62 64 64 63 63 62 62 65 65 63 63 64 64 66 66 65 65 64 64 67 67 65 65 66 66 68 68 67 67 66 66 69 69 67 67 68 68 70 70 69 69 68 68 71 71 69 69 70 70 72 72 71 71 70 70 73 73 71 71 72 72 74 74 73 73 72 72 75 75 73 73 74 74 76 76 75 75 74 74 77 77 75 75 76 76 78 78 77 77 76 76 79 79 77 77 78 78 80 80 79 79 78 78 81 81 79 79 80 80 82 82 81 81 80 80 83 83 81 81 82 82 84 84 83 83 82 82 85 85 83 83 84 84 86 86 85 85 84 84 87 87 85 85 86 86 88 88 87 87 86 86 89 89 87 87 88 88 90 90 89 89 88 88 91 91 89 89 90 90 92 92 91 91 90 90 93 93 91 91 92 92 94 94 93 93 92 92 95 95 93 93 94 94 96 96 95 95 94 94 97 97 95 95 96 96 100 100 99 99 98 98 101 101 99 99 100 100 102 102 101 101 100 100 103 103 101 101 102 102 104 104 103 103 102 102 105 105 103 103 104 104 106 106 105 105 104 104 107 107 105 105 106 106 108 108 107 107 106 106 109 109 107 107 108 108 110 110 109 109 108 108 111 111 109 109 110 110 112 112 111 111 110 110 113 113 111 111 112 112 114 114 113 113 112 112 115 115 113 113 114 114 116 116 115 115 114 114 117 117 115 115 116 116 118 118 117 117 116 116 119 119 117 117 118 118 120 120 119 119 118 118 121 121 119 119 120 120 122 122 121 121 120 120 123 123 121 121 122 122 124 124 123 123 122 122 125 125 123 123 124 124 126 126 125 125 124 124 127 127 125 125 126 126 128 128 127 127 126 126 129 129 127 127 128 128 130 130 129 129 128 128 131 131 129 129 130 130 132 132 131 131 130 130 133 133 131 131 132 132 134 134 133 133 132 132 135 135 133 133 134 134 136 136 135 135 134 134 137 137 135 135 136 136 138 138 137 137 136 136 139 139 137 137 138 138 140 140 139 139 138 138 141 141 139 139 140 140 142 142 141 141 140 140 143 143 141 141 142 142 146 146 145 145 144 144 147 147 145 145 146 146 148 148 147 147 146 146 149 149 147 147 148 148 150 150 149 149 148 148 151 151 149 149 150 150 152 152 151 151 150 150 153 153 151 151 152 152 154 154 153 153 152 152 155 155 153 153 154 154 156 156 155 155 154 154 157 157 155 155 156 156 158 158 157 157 156 156 159 159 157 157 158 158 160 160 159 159 158 158 161 161 159 159 160 160 162 162 161 161 160 160 163 163 161 161 162 162 164 164 163 163 162 162 165 165 163 163 164 164 166 166 165 165 164 164 167 167 165 165 166 166 168 168 167 167 166 166 169 169 167 167 168 168 170 170 169 169 168 168 171 171 169 169 170 170 172 172 171 171 170 170 173 173 171 171 172 172 174 174 173 173 172 172 175 175 173 173 174 174 176 176 175 175 174 174 177 177 175 175 176 176 178 178 177 177 176 176 179 179 177 177 178 178 180 180 179 179 178 178 181 181 179 179 180 180 182 182 181 181 180 180 183 183 181 181 182 182 184 184 183 183 182 182 185 185 183 183 184 184 186 186 185 185 184 184 187 187 185 185 186 186 188 188 187 187 186 186 189 189 187 187 188 188 190 190 63 63 65 65 191 191 63 63 190 190 192 192 191 191 190 190 193 193 191 191 192 192 194 194 193 193 192 192 59 59 193 193 194 194 57 57 59 59 194 194 195 195 95 95 97 97 196 196 95 95 195 195 192 192 196 196 195 195 197 197 196 196 192 192 198 198 197 197 192 192 91 91 197 197 198 198 89 89 91 91 198 198 199 199 15 15 17 17 200 200 15 15 199 199 192 192 200 200 199 199 201 201 200 200 192 192 202 202 201 201 192 192 11 11 201 201 202 202 9 9 11 11 202 202 203 203 35 35 37 37 204 204 35 35 203 203 192 192 204 204 203 203 205 205 204 204 192 192 206 206 205 205 192 192 31 31 205 205 206 206 29 29 31 31 206 206 207 207 109 109 111 111 208 208 109 109 207 207 192 192 208 208 207 207 209 209 208 208 192 192 210 210 209 209 192 192 105 105 209 209 210 210 103 103 105 105 210 210 211 211 141 141 143 143 212 212 141 141 211 211 192 192 212 212 211 211 213 213 212 212 192 192 214 214 213 213 192 192 137 137 213 213 214 214 135 135 137 137 214 214 215 215 47 47 49 49 216 216 47 47 215 215 192 192 216 216 215 215 217 217 216 216 192 192 218 218 217 217 192 192 43 43 217 217 218 218 41 41 43 43 218 218 219 219 155 155 157 157 220 220 155 155 219 219 192 192 220 220 219 219 221 221 220 220 192 192 222 222 221 221 192 192 151 151 221 221 222 222 149 149 151 151 222 222 223 223 187 187 189 189 224 224 187 187 223 223 192 192 224 224 223 223 225 225 224 224 192 192 226 226 225 225 192 192 183 183 225 225 226 226 181 181 183 183 226 226 192 192 227 227 198 198 228 228 227 227 192 192 229 229 228 228 192 192 85 85 228 228 229 229 83 83 85 85 229 229 192 192 230 230 226 226 231 231 230 230 192 192 232 232 231 231 192 192 177 177 231 231 232 232 175 175 177 177 232 232 192 192 233 233 232 232 234 234 233 233 192 192 235 235 234 234 192 192 171 171 234 234 235 235 169 169 171 171 235 235 192 192 236 236 235 235 237 237 236 236 192 192 238 238 237 237 192 192 165 165 237 237 238 238 163 163 165 165 238 238 192 192 239 239 238 238 240 240 239 239 192 192 241 241 240 240 192 192 159 159 240 240 241 241 157 157 159 159 241 241 192 192 242 242 194 194 243 243 242 242 192 192 244 244 243 243 192 192 53 53 243 243 244 244 55 55 243 243 53 53 242 242 243 243 55 55 57 57 242 242 55 55 194 194 242 242 57 57 246 246 192 192 245 245 247 247 192 192 246 246 23 23 247 247 246 246 25 25 247 247 23 23 230 230 181 181 226 226 179 179 181 181 230 230 231 231 179 179 230 230 177 177 179 179 231 231 248 248 192 192 190 190 249 249 192 192 248 248 67 67 249 249 248 248 69 69 249 249 67 67 250 250 192 192 249 249 251 251 192 192 250 250 71 71 251 251 250 250 73 73 251 251 71 71 252 252 192 192 251 251 253 253 192 192 252 252 75 75 253 253 252 252 77 77 253 253 75 75 255 255 192 192 254 254 256 256 192 192 255 255 7 7 256 256 255 255 9 9 256 256 7 7 233 233 175 175 232 232 173 173 175 175 233 233 234 234 173 173 233 233 171 171 173 173 234 234 257 257 192 192 199 199 245 245 192 192 257 257 19 19 245 245 257 257 21 21 245 245 19 19 167 167 237 237 165 165 236 236 237 237 167 167 169 169 236 236 167 167 235 235 236 236 169 169 227 227 89 89 198 198 87 87 89 89 227 227 228 228 87 87 227 227 85 85 87 87 228 228 239 239 163 163 238 238 161 161 163 163 239 239 240 240 161 161 239 239 159 159 161 161 240 240 192 192 258 258 222 222 259 259 258 258 192 192 260 260 259 259 192 192 145 145 259 259 260 260 258 258 149 149 222 222 147 147 149 149 258 258 259 259 147 147 258 258 145 145 147 147 259 259 261 261 192 192 207 207 262 262 192 192 261 261 113 113 262 262 261 261 115 115 262 262 113 113 263 263 192 192 262 262 264 264 192 192 263 263 117 117 264 264 263 263 119 119 264 264 117 117 265 265 192 192 264 264 266 266 192 192 265 265 121 121 266 266 265 265 123 123 266 266 121 121 267 267 192 192 266 266 268 268 192 192 267 267 125 125 268 268 267 267 127 127 268 268 125 125 269 269 192 192 268 268 270 270 192 192 269 269 129 129 270 270 269 269 131 131 270 270 129 129 271 271 192 192 270 270 272 272 192 192 271 271 133 133 272 272 271 271 135 135 272 272 133 133 273 273 192 192 253 253 274 274 192 192 273 273 79 79 274 274 273 273 81 81 274 274 79 79 275 275 192 192 247 247 276 276 192 192 275 275 27 27 276 276 275 275 29 29 276 276 27 27 192 192 277 277 218 218 278 278 277 277 192 192 203 203 278 278 192 192 37 37 278 278 203 203 277 277 41 41 218 218 39 39 41 41 277 277 278 278 39 39 277 277 37 37 39 39 278 278 192 192 279 279 210 210 280 280 279 279 192 192 281 281 280 280 192 192 99 99 280 280 281 281 279 279 103 103 210 210 101 101 103 103 279 279 280 280 101 101 279 279 99 99 101 101 280 280 49 49 283 283 282 282 284 284 283 283 49 49 48 48 284 284 49 49 286 286 51 51 285 285 50 50 51 51 286 286 287 287 50 50 286 286 97 97 1 1 288 288 0 0 1 1 97 97 96 96 0 0 97 97 143 143 286 286 289 289 287 287 286 286 143 143 142 142 287 287 143 143 139 139 213 213 137 137 212 212 213 213 139 139 141 141 212 212 139 139 290 290 192 192 274 274 229 229 192 192 290 290 83 83 229 229 290 290 291 291 99 99 281 281 98 98 99 99 291 291 292 292 98 98 291 291 294 294 291 291 293 293 292 292 291 291 294 294 295 295 292 292 294 294 189 189 294 294 296 296 295 295 294 294 189 189 188 188 295 295 189 189 283 283 298 298 297 297 299 299 298 298 283 283 284 284 299 299 283 283 298 298 145 145 260 260 144 144 145 145 298 298 299 299 144 144 298 298 200 200 13 13 15 15 201 201 13 13 200 200 248 248 65 65 67 67 190 190 65 65 248 248 223 223 296 296 192 192 189 189 296 296 223 223 250 250 69 69 71 71 249 249 69 69 250 250 195 195 288 288 192 192 97 97 288 288 195 195 252 252 73 73 75 75 251 251 73 73 252 252 208 208 107 107 109 109 209 209 107 107 208 208 216 216 45 45 47 47 217 217 45 45 216 216 289 289 285 285 192 192 286 286 285 285 289 289 204 204 33 33 35 35 205 205 33 33 204 204 211 211 289 289 192 192 143 143 289 289 211 211 219 219 241 241 192 192 157 157 241 241 219 219 220 220 153 153 155 155 221 221 153 153 220 220 282 282 297 297 192 192 283 283 297 297 282 282 224 224 185 185 187 187 225 225 185 185 224 224 297 297 260 260 192 192 298 298 260 260 297 297 261 261 111 111 113 113 207 207 111 111 261 261 257 257 17 17 19 19 199 199 17 17 257 257 263 263 115 115 117 117 262 262 115 115 263 263 288 288 300 300 192 192 1 1 300 300 288 288 265 265 119 119 121 121 264 264 119 119 265 265 246 246 21 21 23 23 245 245 21 21 246 246 267 267 123 123 125 125 266 266 123 123 267 267 215 215 282 282 192 192 49 49 282 282 215 215 269 269 127 127 129 129 268 268 127 127 269 269 256 256 202 202 192 192 9 9 202 202 256 256 272 272 214 214 192 192 135 135 214 214 272 272 271 271 131 131 133 133 270 270 131 131 271 271 255 255 5 5 7 7 254 254 5 5 255 255 273 273 77 77 79 79 253 253 77 77 273 273 300 300 254 254 192 192 3 3 254 254 300 300 290 290 81 81 83 83 274 274 81 81 290 290 293 293 281 281 192 192 291 291 281 281 293 293 276 276 206 206 192 192 29 29 206 206 276 276 275 275 25 25 27 27 247 247 25 25 275 275 191 191 61 61 63 63 193 193 61 61 191 191 285 285 244 244 192 192 51 51 244 244 285 285 196 196 93 93 95 95 197 197 93 93 196 196 296 296 293 293 192 192 294 294 293 293 296 296 53 53 244 244 51 51 45 45 217 217 43 43 185 185 225 225 183 183 93 93 197 197 91 91 107 107 209 209 105 105 3 3 300 300 1 1 5 5 254 254 3 3 33 33 205 205 31 31 61 61 193 193 59 59 13 13 201 201 11 11 153 153 221 221 151 151</p>
                </polylist>
            </mesh>
        </geometry>
        <geometry id="mesh0_VC">
            <mesh>
                <source id="points0_VC">
                    <float_array id="pointarray0_VC" count="903">-58019.296875 -9500 -70133.2890625 -58414.2265625 -12344.423828125 -62204.84765625 -62308.5234375 -9500 -66351.8359375 -62204.84765625 -12344.423828125 -58414.2265625 -66351.8359375 -9500 -62308.5234375 -65749.96875 -12344.421875 -54393.09375 -70133.2890625 -9500 -58019.296875 -69035.5859375 -12344.423828125 -50157.2890625 -73637.9609375 -9500 -53501.109375 -72048.7734375 -12344.4228515625 -45723.5390625 -76852.0234375 -9500 -48771.77734375 -74777.59375 -12344.423828125 -41109.33203125 -79762.78125 -9500 -43849.95703125 -77211.328125 -12344.4228515625 -36332.89453125 -82358.7421875 -9500 -38755.08203125 -79340.3203125 -12344.4228515625 -31413.0546875 -84629.6875 -9500 -33507.2578125 -81156.2109375 -12344.4228515625 -26369.2421875 -86566.625 -9500 -28127.1953125 -82651.8046875 -12344.421875 -21221.37109375 -88161.9375 -9500 -22636.1328125 -83821.2109375 -12344.4228515625 -15989.748046875 -89409.28125 -9500 -17055.732421875 -84659.8125 -12344.421875 -10695.0205078125 -90303.796875 -9500 -11408.021484375 -85164.3046875 -12344.421875 -5358.08154296875 -90841.90625 -9500 -5715.2880859375 -85332.6875 -12344.4228515625 0 -91021.5234375 -9500 0 -85164.28125 -12344.423828125 5358.0830078125 -90841.90625 -9500 5715.28857421875 -84659.796875 -12344.423828125 10695.021484375 -90303.7890625 -9500 11408.0224609375 -83821.1875 -12344.423828125 15989.748046875 -89409.28125 -9500 17055.732421875 -82651.796875 -12344.4228515625 21221.375 -88161.9140625 -9500 22636.1328125 -81156.1953125 -12344.4228515625 26369.2421875 -86566.625 -9500 28127.1953125 -79340.3203125 -12344.4228515625 31413.0546875 -84629.6796875 -9500 33507.2578125 -77211.3125 -12344.4228515625 36332.8828125 -82358.7421875 -9500 38755.078125 -74777.59375 -12344.421875 41109.33203125 -79762.765625 -9500 43849.95703125 -72048.7578125 -12344.423828125 45723.5390625 -76852.015625 -9500 48771.7734375 -69035.5859375 -12344.423828125 50157.2890625 -73637.9609375 -9500 53501.109375 -65749.96875 -12344.421875 54393.09375 66351.8359375 -9500 -62308.5234375 58414.2265625 -12344.423828125 -62204.84765625 62308.5234375 -9500 -66351.8359375 54393.09375 -12344.421875 -65749.96875 58019.296875 -9500 -70133.2890625 50157.2890625 -12344.423828125 -69035.5859375 53501.109375 -9500 -73637.9609375 45723.5390625 -12344.4228515625 -72048.7734375 48771.77734375 -9500 -76852.0234375 41109.33203125 -12344.423828125 -74777.59375 43849.95703125 -9500 -79762.78125 36332.89453125 -12344.4228515625 -77211.328125 38755.08203125 -9500 -82358.7421875 31413.0546875 -12344.4228515625 -79340.3203125 33507.2578125 -9500 -84629.6875 26369.2421875 -12344.4228515625 -81156.2109375 28127.1953125 -9500 -86566.625 21221.37109375 -12344.421875 -82651.8046875 22636.1328125 -9500 -88161.9375 15989.748046875 -12344.4228515625 -83821.2109375 17055.732421875 -9500 -89409.28125 10695.0205078125 -12344.421875 -84659.8125 11408.021484375 -9500 -90303.796875 5358.08154296875 -12344.421875 -85164.3046875 5715.2880859375 -9500 -90841.90625 -0.001069999998435378 -12344.4228515625 -85332.6875 -0.0011399999493733048 -9500 -91021.5234375 -5358.083984375 -12344.421875 -85164.3046875 -5715.2900390625 -9500 -90841.90625 -10695.0234375 -12344.421875 -84659.8125 -11408.025390625 -9500 -90303.796875 -15989.748046875 -12344.4228515625 -83821.2109375 -17055.734375 -9500 -89409.28125 -21221.375 -12344.4228515625 -82651.8046875 -22636.134765625 -9500 -88161.9375 -26369.25 -12344.4228515625 -81156.2109375 -28127.1953125 -9500 -86566.625 -31413.0546875 -12344.4228515625 -79340.3203125 -33507.2578125 -9500 -84629.6875 -36332.89453125 -12344.4228515625 -77211.328125 -38755.08203125 -9500 -82358.7421875 -41109.33203125 -12344.423828125 -74777.59375 -43849.95703125 -9500 -79762.78125 -45723.5390625 -12344.4228515625 -72048.7734375 -48771.77734375 -9500 -76852.0234375 -50157.2890625 -12344.423828125 -69035.5859375 -53501.109375 -9500 -73637.9609375 -54393.09375 -12344.421875 -65749.96875 66351.8359375 -9500 62308.5234375 65749.96875 -12344.421875 54393.09375 70133.2890625 -9500 58019.296875 69035.5859375 -12344.423828125 50157.2890625 73637.9609375 -9500 53501.109375 72048.7734375 -12344.4228515625 45723.5390625 76852.0234375 -9500 48771.77734375 74777.59375 -12344.423828125 41109.33203125 79762.78125 -9500 43849.95703125 77211.328125 -12344.4228515625 36332.89453125 82358.7421875 -9500 38755.08203125 79340.3203125 -12344.4228515625 31413.0546875 84629.6875 -9500 33507.2578125 81156.2109375 -12344.4228515625 26369.2421875 86566.625 -9500 28127.1953125 82651.8046875 -12344.421875 21221.37109375 88161.9375 -9500 22636.1328125 83821.2109375 -12344.4228515625 15989.748046875 89409.28125 -9500 17055.732421875 84659.8125 -12344.421875 10695.0205078125 90303.796875 -9500 11408.021484375 85164.3046875 -12344.421875 5358.08154296875 90841.90625 -9500 5715.2880859375 85332.6875 -12344.4228515625 -0.001069999998435378 91021.5234375 -9500 -0.0011399999493733048 85164.3046875 -12344.421875 -5358.083984375 90841.90625 -9500 -5715.2900390625 84659.8125 -12344.421875 -10695.0234375 90303.796875 -9500 -11408.025390625 83821.2109375 -12344.4228515625 -15989.748046875 89409.28125 -9500 -17055.734375 82651.8046875 -12344.4228515625 -21221.375 88161.9375 -9500 -22636.134765625 81156.2109375 -12344.4228515625 -26369.25 86566.625 -9500 -28127.1953125 79340.3203125 -12344.4228515625 -31413.0546875 84629.6875 -9500 -33507.2578125 77211.328125 -12344.4228515625 -36332.89453125 82358.7421875 -9500 -38755.08203125 74777.59375 -12344.423828125 -41109.33203125 79762.78125 -9500 -43849.95703125 72048.7734375 -12344.4228515625 -45723.5390625 76852.0234375 -9500 -48771.77734375 69035.5859375 -12344.423828125 -50157.2890625 73637.9609375 -9500 -53501.109375 65749.96875 -12344.421875 -54393.09375 -62308.5234375 -9500 66351.8359375 -54393.09375 -12344.421875 65749.96875 -58019.296875 -9500 70133.2890625 -50157.2890625 -12344.423828125 69035.5859375 -53501.109375 -9500 73637.9609375 -45723.5390625 -12344.4228515625 72048.7734375 -48771.77734375 -9500 76852.0234375 -41109.33203125 -12344.423828125 74777.59375 -43849.95703125 -9500 79762.78125 -36332.89453125 -12344.4228515625 77211.328125 -38755.08203125 -9500 82358.7421875 -31413.0546875 -12344.4228515625 79340.3203125 -33507.2578125 -9500 84629.6875 -26369.2421875 -12344.4228515625 81156.2109375 -28127.1953125 -9500 86566.625 -21221.37109375 -12344.421875 82651.8046875 -22636.1328125 -9500 88161.9375 -15989.748046875 -12344.4228515625 83821.2109375 -17055.732421875 -9500 89409.28125 -10695.0205078125 -12344.421875 84659.8125 -11408.021484375 -9500 90303.796875 -5358.08154296875 -12344.421875 85164.3046875 -5715.2880859375 -9500 90841.90625 0.001069999998435378 -12344.4228515625 85332.6875 0.0011399999493733048 -9500 91021.5234375 5358.083984375 -12344.421875 85164.3046875 5715.2900390625 -9500 90841.90625 10695.0234375 -12344.421875 84659.8125 11408.025390625 -9500 90303.796875 15989.748046875 -12344.4228515625 83821.2109375 17055.734375 -9500 89409.28125 21221.375 -12344.4228515625 82651.8046875 22636.134765625 -9500 88161.9375 26369.25 -12344.4228515625 81156.2109375 28127.1953125 -9500 86566.625 31413.0546875 -12344.4228515625 79340.3203125 33507.2578125 -9500 84629.6875 36332.89453125 -12344.4228515625 77211.328125 38755.08203125 -9500 82358.7421875 41109.33203125 -12344.423828125 74777.59375 43849.95703125 -9500 79762.78125 45723.5390625 -12344.4228515625 72048.7734375 48771.77734375 -9500 76852.0234375 50157.2890625 -12344.423828125 69035.5859375 53501.109375 -9500 73637.9609375 54393.09375 -12344.421875 65749.96875 13184.62109375 -33677.59375 -40578.10546875 15706.52734375 -33677.59375 -39670.16015625 0 -55010.76171875 0 18166.447265625 -33677.59375 -38605.6640625 20554.666015625 -33677.59375 -37388.796875 -27196.546875 -33677.58984375 -32874.984375 -25078.64453125 -33677.59375 -34517.79296875 -22861.76953125 -33677.59375 -36024.38671875 -20554.666015625 -33677.59375 -37388.796875 -40578.10546875 -33677.59375 -13184.62109375 -39670.16015625 -33677.59375 -15706.52734375 -38605.6640625 -33677.59375 -18166.447265625 -37388.796875 -33677.59375 -20554.666015625 -40578.09765625 -33677.59375 13184.62109375 -41325.8984375 -33677.59375 10610.6875 -41910.59375 -33677.59375 7994.8740234375 -42329.8984375 -33677.59375 5347.5107421875 40578.10546875 -33677.59375 13184.62109375 39670.16015625 -33677.59375 15706.52734375 38605.6640625 -33677.59375 18166.447265625 37388.796875 -33677.59375 20554.666015625 32874.984375 -33677.58984375 -27196.546875 34517.79296875 -33677.59375 -25078.64453125 36024.38671875 -33677.59375 -22861.76953125 37388.796875 -33677.59375 -20554.666015625 -32874.984375 -33677.58984375 27196.546875 -34517.79296875 -33677.59375 25078.64453125 -36024.37890625 -33677.59375 22861.76953125 -37388.796875 -33677.59375 20554.666015625 -13184.62109375 -33677.59375 40578.10546875 -15706.52734375 -33677.59375 39670.16015625 -18166.447265625 -33677.59375 38605.6640625 -20554.666015625 -33677.59375 37388.796875 27196.546875 -33677.58984375 32874.984375 25078.64453125 -33677.59375 34517.79296875 22861.76953125 -33677.59375 36024.38671875 20554.666015625 -33677.59375 37388.796875 -18166.447265625 -33677.59375 -38605.6640625 -15706.52734375 -33677.59375 -39670.16015625 -13184.625 -33677.59375 -40578.10546875 18166.447265625 -33677.59375 38605.6640625 15706.52734375 -33677.59375 39670.16015625 13184.625 -33677.59375 40578.10546875 10610.6875 -33677.59375 41325.90234375 7994.8740234375 -33677.59375 41910.60546875 5347.51171875 -33677.58984375 42329.90625 2679.0419921875 -33677.58984375 42582.15234375 0.0005300000193528831 -33677.59375 42666.34375 -2679.040771484375 -33677.58984375 42582.15234375 -5347.51025390625 -33677.58984375 42329.90625 -7994.8740234375 -33677.59375 41910.60546875 -10610.685546875 -33677.59375 41325.90234375 22861.76953125 -33677.59375 -36024.38671875 25078.64453125 -33677.59375 -34517.79296875 27196.546875 -33677.58984375 -32874.984375 -41910.60546875 -33677.59375 -7994.8740234375 -42329.90625 -33677.58984375 -5347.51025390625 -42582.15234375 -33677.58984375 -2679.040771484375 10610.685546875 -33677.59375 -41325.90234375 7994.8740234375 -33677.59375 -41910.60546875 5347.51025390625 -33677.58984375 -42329.90625 2679.040771484375 -33677.58984375 -42582.15234375 -0.0005300000193528831 -33677.59375 -42666.34375 -2679.0419921875 -33677.58984375 -42582.15234375 -32874.984375 -33677.58984375 -27196.546875 -34517.79296875 -33677.59375 -25078.64453125 -36024.38671875 -33677.59375 -22861.76953125 -41325.90234375 -33677.59375 -10610.685546875 -22861.76953125 -33677.59375 36024.38671875 -25078.64453125 -33677.59375 34517.79296875 -27196.546875 -33677.58984375 32874.984375 41325.90234375 -33677.59375 10610.685546875 41910.60546875 -33677.59375 7994.8740234375 42329.90625 -33677.58984375 5347.51025390625 42582.15234375 -33677.58984375 2679.040771484375 42666.34375 -33677.59375 -0.0005300000193528831 42582.15234375 -33677.58984375 -2679.0419921875 42329.90625 -33677.58984375 -5347.51171875 41910.60546875 -33677.59375 -7994.8740234375 41325.90234375 -33677.59375 -10610.6875 40578.10546875 -33677.59375 -13184.625 39670.16015625 -33677.59375 -15706.52734375 38605.6640625 -33677.59375 -18166.447265625 -5347.51171875 -33677.58984375 -42329.90625 -7994.8740234375 -33677.59375 -41910.60546875 -42666.34375 -33677.59375 0 -42582.140625 -33677.59375 2679.04150390625 -38605.65625 -33677.59375 18166.44140625 -39670.16015625 -33677.59375 15706.52734375 36024.38671875 -33677.59375 22861.76953125 34517.79296875 -33677.59375 25078.64453125 32874.984375 -33677.58984375 27196.546875 -31102.423828125 -33677.59375 29207.11328125 -62204.84765625 -12344.423828125 58414.2265625 -70133.2890625 -9500 58019.296875 29207.11328125 -33677.59375 -31102.423828125 62204.84765625 -12344.423828125 -58414.2265625 70133.2890625 -9500 -58019.296875 -29207.11328125 -33677.59375 -31102.423828125 31102.423828125 -33677.59375 -29207.11328125 -10610.6875 -33677.59375 -41325.90234375 62204.84765625 -12344.423828125 58414.2265625 62308.5234375 -9500 66351.8359375 31102.423828125 -33677.59375 29207.11328125 58414.2265625 -12344.423828125 62204.84765625 58019.296875 -9500 70133.2890625 29207.11328125 -33677.59375 31102.423828125 -29207.11328125 -33677.59375 31102.423828125 -58414.2265625 -12344.423828125 62204.84765625 -66351.8359375 -9500 62308.5234375 -31102.423828125 -33677.59375 -29207.11328125</float_array>
                    <technique_common>
                        <accessor count="301" source="#pointarray0_VC" stride="3">
                            <param name="X" type="float"/>
                            <param name="Y" type="float"/>
                            <param name="Z" type="float"/>
                        </accessor>
                    </technique_common>
                </source>
                <source id="uvs0_VC">
                    <float_array id="uvarray0_VC" count="12">0.6259765625 0.6653645833333333 0.6259765625 0.33463541666666663 0.6337890625 0.6653645833333333 0.6337890625 0.5013020833333333 0.6416015625 0.6653645833333333 0.6416015625 0.5846354166666667</float_array>
                    <technique_common>
                        <accessor count="1" source="#uvarray0_VC" stride="2">
                            <param name="S" type="float"/>
                            <param name="T" type="float"/>
                        </accessor>
                    </technique_common>
                </source>
                <vertices id="vertices0_VC">
                    <input semantic="POSITION" source="#points0_VC"/>
                </vertices>
                <polylist count="500" material="Material1">
                    <input offset="0" semantic="VERTEX" source="#vertices0_VC"/>
                    <input offset="1" semantic="TEXCOORD" source="#uvs0_VC" set="0"/>
                    <vcount>3 3 3 3 3 3 3 3 3 3 3 3 3 3 3 3 3 3 3 3 3 3 3 3 3 3 3 3 3 3 3 3 3 3 3 3 3 3 3 3 3 3 3 3 3 3 3 3 3 3 3 3 3 3 3 3 3 3 3 3 3 3 3 3 3 3 3 3 3 3 3 3 3 3 3 3 3 3 3 3 3 3 3 3 3 3 3 3 3 3 3 3 3 3 3 3 3 3 3 3 3 3 3 3 3 3 3 3 3 3 3 3 3 3 3 3 3 3 3 3 3 3 3 3 3 3 3 3 3 3 3 3 3 3 3 3 3 3 3 3 3 3 3 3 3 3 3 3 3 3 3 3 3 3 3 3 3 3 3 3 3 3 3 3 3 3 3 3 3 3 3 3 3 3 3 3 3 3 3 3 3 3 3 3 3 3 3 3 3 3 3 3 3 3 3 3 3 3 3 3 3 3 3 3 3 3 3 3 3 3 3 3 3 3 3 3 3 3 3 3 3 3 3 3 3 3 3 3 3 3 3 3 3 3 3 3 3 3 3 3 3 3 3 3 3 3 3 3 3 3 3 3 3 3 3 3 3 3 3 3 3 3 3 3 3 3 3 3 3 3 3 3 3 3 3 3 3 3 3 3 3 3 3 3 3 3 3 3 3 3 3 3 3 3 3 3 3 3 3 3 3 3 3 3 3 3 3 3 3 3 3 3 3 3 3 3 3 3 3 3 3 3 3 3 3 3 3 3 3 3 3 3 3 3 3 3 3 3 3 3 3 3 3 3 3 3 3 3 3 3 3 3 3 3 3 3 3 3 3 3 3 3 3 3 3 3 3 3 3 3 3 3 3 3 3 3 3 3 3 3 3 3 3 3 3 3 3 3 3 3 3 3 3 3 3 3 3 3 3 3 3 3 3 3 3 3 3 3 3 3 3 3 3 3 3 3 3 3 3 3 3 3 3 3 3 3 3 3 3 3 3 3 3 3 3 3 3 3 3 3 3 3 3 3 3 3 3 3 3 3 3 3 3 3 3 3 3 3 3 3 3 3 3 3 3 3 3 3 3 3 3 3 3 3 3 3 3 3 3 3 3 3 3 3 3 3 3 3 3 3 3 3 3 3 3 3 3 3 3 3</vcount>
                    <p>2 0 1 1 0 0 3 1 1 1 2 0 4 0 3 1 2 0 5 1 3 1 4 0 6 0 5 1 4 0 7 1 5 1 6 0 8 0 7 1 6 0 9 1 7 1 8 0 10 0 9 1 8 0 11 1 9 1 10 0 12 0 11 1 10 0 13 1 11 1 12 0 14 0 13 1 12 0 15 1 13 1 14 0 16 0 15 1 14 0 17 1 15 1 16 0 18 0 17 1 16 0 19 1 17 1 18 0 20 0 19 1 18 0 21 1 19 1 20 0 22 0 21 1 20 0 23 1 21 1 22 0 24 0 23 1 22 0 25 1 23 1 24 0 26 0 25 1 24 0 27 1 25 1 26 0 28 0 27 1 26 0 29 1 27 1 28 0 30 0 29 1 28 0 31 1 29 1 30 0 32 0 31 1 30 0 33 1 31 1 32 0 34 0 33 1 32 0 35 1 33 1 34 0 36 0 35 1 34 0 37 1 35 1 36 0 38 0 37 1 36 0 39 1 37 1 38 0 40 0 39 1 38 0 41 1 39 1 40 0 42 0 41 1 40 0 43 1 41 1 42 0 44 0 43 1 42 0 45 1 43 1 44 0 46 0 45 1 44 0 47 1 45 1 46 0 48 0 47 1 46 0 49 1 47 1 48 0 52 0 51 1 50 0 53 1 51 1 52 0 54 0 53 1 52 0 55 1 53 1 54 0 56 0 55 1 54 0 57 1 55 1 56 0 58 0 57 1 56 0 59 1 57 1 58 0 60 0 59 1 58 0 61 1 59 1 60 0 62 0 61 1 60 0 63 1 61 1 62 0 64 0 63 1 62 0 65 1 63 1 64 0 66 0 65 1 64 0 67 1 65 1 66 0 68 0 67 1 66 0 69 1 67 1 68 0 70 0 69 1 68 0 71 1 69 1 70 0 72 0 71 1 70 0 73 1 71 1 72 0 74 0 73 1 72 0 75 1 73 1 74 0 76 0 75 1 74 0 77 1 75 1 76 0 78 0 77 1 76 0 79 1 77 1 78 0 80 0 79 1 78 0 81 1 79 1 80 0 82 0 81 1 80 0 83 1 81 1 82 0 84 0 83 1 82 0 85 1 83 1 84 0 86 0 85 1 84 0 87 1 85 1 86 0 88 0 87 1 86 0 89 1 87 1 88 0 90 0 89 1 88 0 91 1 89 1 90 0 92 0 91 1 90 0 93 1 91 1 92 0 94 0 93 1 92 0 95 1 93 1 94 0 96 0 95 1 94 0 97 1 95 1 96 0 100 0 99 1 98 0 101 1 99 1 100 0 102 0 101 1 100 0 103 1 101 1 102 0 104 0 103 1 102 0 105 1 103 1 104 0 106 0 105 1 104 0 107 1 105 1 106 0 108 0 107 1 106 0 109 1 107 1 108 0 110 0 109 1 108 0 111 1 109 1 110 0 112 0 111 1 110 0 113 1 111 1 112 0 114 0 113 1 112 0 115 1 113 1 114 0 116 0 115 1 114 0 117 1 115 1 116 0 118 0 117 1 116 0 119 1 117 1 118 0 120 0 119 1 118 0 121 1 119 1 120 0 122 0 121 1 120 0 123 1 121 1 122 0 124 0 123 1 122 0 125 1 123 1 124 0 126 0 125 1 124 0 127 1 125 1 126 0 128 0 127 1 126 0 129 1 127 1 128 0 130 0 129 1 128 0 131 1 129 1 130 0 132 0 131 1 130 0 133 1 131 1 132 0 134 0 133 1 132 0 135 1 133 1 134 0 136 0 135 1 134 0 137 1 135 1 136 0 138 0 137 1 136 0 139 1 137 1 138 0 140 0 139 1 138 0 141 1 139 1 140 0 142 0 141 1 140 0 143 1 141 1 142 0 146 0 145 1 144 0 147 1 145 1 146 0 148 0 147 1 146 0 149 1 147 1 148 0 150 0 149 1 148 0 151 1 149 1 150 0 152 0 151 1 150 0 153 1 151 1 152 0 154 0 153 1 152 0 155 1 153 1 154 0 156 0 155 1 154 0 157 1 155 1 156 0 158 0 157 1 156 0 159 1 157 1 158 0 160 0 159 1 158 0 161 1 159 1 160 0 162 0 161 1 160 0 163 1 161 1 162 0 164 0 163 1 162 0 165 1 163 1 164 0 166 0 165 1 164 0 167 1 165 1 166 0 168 0 167 1 166 0 169 1 167 1 168 0 170 0 169 1 168 0 171 1 169 1 170 0 172 0 171 1 170 0 173 1 171 1 172 0 174 0 173 1 172 0 175 1 173 1 174 0 176 0 175 1 174 0 177 1 175 1 176 0 178 0 177 1 176 0 179 1 177 1 178 0 180 0 179 1 178 0 181 1 179 1 180 0 182 0 181 1 180 0 183 1 181 1 182 0 184 0 183 1 182 0 185 1 183 1 184 0 186 0 185 1 184 0 187 1 185 1 186 0 188 0 187 1 186 0 189 1 187 1 188 0 190 2 63 3 65 3 191 2 63 3 190 2 192 4 191 5 190 5 193 5 191 5 192 4 194 5 193 5 192 4 59 3 193 2 194 2 57 3 59 3 194 2 195 2 95 3 97 3 196 2 95 3 195 2 192 4 196 5 195 5 197 5 196 5 192 4 198 5 197 5 192 4 91 3 197 2 198 2 89 3 91 3 198 2 199 2 15 3 17 3 200 2 15 3 199 2 192 4 200 5 199 5 201 5 200 5 192 4 202 5 201 5 192 4 11 3 201 2 202 2 9 3 11 3 202 2 203 2 35 3 37 3 204 2 35 3 203 2 192 4 204 5 203 5 205 5 204 5 192 4 206 5 205 5 192 4 31 3 205 2 206 2 29 3 31 3 206 2 207 2 109 3 111 3 208 2 109 3 207 2 192 4 208 5 207 5 209 5 208 5 192 4 210 5 209 5 192 4 105 3 209 2 210 2 103 3 105 3 210 2 211 2 141 3 143 3 212 2 141 3 211 2 192 4 212 5 211 5 213 5 212 5 192 4 214 5 213 5 192 4 137 3 213 2 214 2 135 3 137 3 214 2 215 2 47 3 49 3 216 2 47 3 215 2 192 4 216 5 215 5 217 5 216 5 192 4 218 5 217 5 192 4 43 3 217 2 218 2 41 3 43 3 218 2 219 2 155 3 157 3 220 2 155 3 219 2 192 4 220 5 219 5 221 5 220 5 192 4 222 5 221 5 192 4 151 3 221 2 222 2 149 3 151 3 222 2 223 2 187 3 189 3 224 2 187 3 223 2 192 4 224 5 223 5 225 5 224 5 192 4 226 5 225 5 192 4 183 3 225 2 226 2 181 3 183 3 226 2 192 4 227 5 198 5 228 5 227 5 192 4 229 5 228 5 192 4 85 3 228 2 229 2 83 3 85 3 229 2 192 4 230 5 226 5 231 5 230 5 192 4 232 5 231 5 192 4 177 3 231 2 232 2 175 3 177 3 232 2 192 4 233 5 232 5 234 5 233 5 192 4 235 5 234 5 192 4 171 3 234 2 235 2 169 3 171 3 235 2 192 4 236 5 235 5 237 5 236 5 192 4 238 5 237 5 192 4 165 3 237 2 238 2 163 3 165 3 238 2 192 4 239 5 238 5 240 5 239 5 192 4 241 5 240 5 192 4 159 3 240 2 241 2 157 3 159 3 241 2 192 4 242 5 194 5 243 5 242 5 192 4 244 5 243 5 192 4 53 3 243 2 244 2 55 3 243 2 53 3 242 2 243 2 55 3 57 3 242 2 55 3 194 2 242 2 57 3 246 5 192 4 245 5 247 5 192 4 246 5 23 3 247 2 246 2 25 3 247 2 23 3 230 2 181 3 226 2 179 3 181 3 230 2 231 2 179 3 230 2 177 3 179 3 231 2 248 5 192 4 190 5 249 5 192 4 248 5 67 3 249 2 248 2 69 3 249 2 67 3 250 5 192 4 249 5 251 5 192 4 250 5 71 3 251 2 250 2 73 3 251 2 71 3 252 5 192 4 251 5 253 5 192 4 252 5 75 3 253 2 252 2 77 3 253 2 75 3 255 5 192 4 254 5 256 5 192 4 255 5 7 3 256 2 255 2 9 3 256 2 7 3 233 2 175 3 232 2 173 3 175 3 233 2 234 2 173 3 233 2 171 3 173 3 234 2 257 5 192 4 199 5 245 5 192 4 257 5 19 3 245 2 257 2 21 3 245 2 19 3 167 3 237 2 165 3 236 2 237 2 167 3 169 3 236 2 167 3 235 2 236 2 169 3 227 2 89 3 198 2 87 3 89 3 227 2 228 2 87 3 227 2 85 3 87 3 228 2 239 2 163 3 238 2 161 3 163 3 239 2 240 2 161 3 239 2 159 3 161 3 240 2 192 4 258 5 222 5 259 5 258 5 192 4 260 5 259 5 192 4 145 3 259 2 260 2 258 2 149 3 222 2 147 3 149 3 258 2 259 2 147 3 258 2 145 3 147 3 259 2 261 5 192 4 207 5 262 5 192 4 261 5 113 3 262 2 261 2 115 3 262 2 113 3 263 5 192 4 262 5 264 5 192 4 263 5 117 3 264 2 263 2 119 3 264 2 117 3 265 5 192 4 264 5 266 5 192 4 265 5 121 3 266 2 265 2 123 3 266 2 121 3 267 5 192 4 266 5 268 5 192 4 267 5 125 3 268 2 267 2 127 3 268 2 125 3 269 5 192 4 268 5 270 5 192 4 269 5 129 3 270 2 269 2 131 3 270 2 129 3 271 5 192 4 270 5 272 5 192 4 271 5 133 3 272 2 271 2 135 3 272 2 133 3 273 5 192 4 253 5 274 5 192 4 273 5 79 3 274 2 273 2 81 3 274 2 79 3 275 5 192 4 247 5 276 5 192 4 275 5 27 3 276 2 275 2 29 3 276 2 27 3 192 4 277 5 218 5 278 5 277 5 192 4 203 5 278 5 192 4 37 3 278 2 203 2 277 2 41 3 218 2 39 3 41 3 277 2 278 2 39 3 277 2 37 3 39 3 278 2 192 4 279 5 210 5 280 5 279 5 192 4 281 5 280 5 192 4 99 3 280 2 281 2 279 2 103 3 210 2 101 3 103 3 279 2 280 2 101 3 279 2 99 3 101 3 280 2 49 3 283 3 282 2 284 0 283 1 49 1 48 0 284 0 49 1 286 3 51 3 285 2 50 0 51 1 286 1 287 0 50 0 286 1 97 3 1 3 288 2 0 0 1 1 97 1 96 0 0 0 97 1 143 3 286 3 289 2 287 0 286 1 143 1 142 0 287 0 143 1 139 3 213 2 137 3 212 2 213 2 139 3 141 3 212 2 139 3 290 5 192 4 274 5 229 5 192 4 290 5 83 3 229 2 290 2 291 3 99 3 281 2 98 0 99 1 291 1 292 0 98 0 291 1 294 3 291 3 293 2 292 0 291 1 294 1 295 0 292 0 294 1 189 3 294 3 296 2 295 0 294 1 189 1 188 0 295 0 189 1 283 3 298 3 297 2 299 0 298 1 283 1 284 0 299 0 283 1 298 3 145 3 260 2 144 0 145 1 298 1 299 0 144 0 298 1 200 2 13 3 15 3 201 2 13 3 200 2 248 2 65 3 67 3 190 2 65 3 248 2 223 5 296 5 192 4 189 3 296 2 223 2 250 2 69 3 71 3 249 2 69 3 250 2 195 5 288 5 192 4 97 3 288 2 195 2 252 2 73 3 75 3 251 2 73 3 252 2 208 2 107 3 109 3 209 2 107 3 208 2 216 2 45 3 47 3 217 2 45 3 216 2 289 5 285 5 192 4 286 3 285 2 289 2 204 2 33 3 35 3 205 2 33 3 204 2 211 5 289 5 192 4 143 3 289 2 211 2 219 5 241 5 192 4 157 3 241 2 219 2 220 2 153 3 155 3 221 2 153 3 220 2 282 5 297 5 192 4 283 3 297 2 282 2 224 2 185 3 187 3 225 2 185 3 224 2 297 5 260 5 192 4 298 3 260 2 297 2 261 2 111 3 113 3 207 2 111 3 261 2 257 2 17 3 19 3 199 2 17 3 257 2 263 2 115 3 117 3 262 2 115 3 263 2 288 5 300 5 192 4 1 3 300 2 288 2 265 2 119 3 121 3 264 2 119 3 265 2 246 2 21 3 23 3 245 2 21 3 246 2 267 2 123 3 125 3 266 2 123 3 267 2 215 5 282 5 192 4 49 3 282 2 215 2 269 2 127 3 129 3 268 2 127 3 269 2 256 5 202 5 192 4 9 3 202 2 256 2 272 5 214 5 192 4 135 3 214 2 272 2 271 2 131 3 133 3 270 2 131 3 271 2 255 2 5 3 7 3 254 2 5 3 255 2 273 2 77 3 79 3 253 2 77 3 273 2 300 5 254 5 192 4 3 3 254 2 300 2 290 2 81 3 83 3 274 2 81 3 290 2 293 5 281 5 192 4 291 3 281 2 293 2 276 5 206 5 192 4 29 3 206 2 276 2 275 2 25 3 27 3 247 2 25 3 275 2 191 2 61 3 63 3 193 2 61 3 191 2 285 5 244 5 192 4 51 3 244 2 285 2 196 2 93 3 95 3 197 2 93 3 196 2 296 5 293 5 192 4 294 3 293 2 296 2 53 3 244 2 51 3 45 3 217 2 43 3 185 3 225 2 183 3 93 3 197 2 91 3 107 3 209 2 105 3 3 3 300 2 1 3 5 3 254 2 3 3 33 3 205 2 31 3 61 3 193 2 59 3 13 3 201 2 11 3 153 3 221 2 151 3</p>
                </polylist>
            </mesh>
        </geometry>
        <geometry id="mesh1">
            <mesh>
                <source id="points1">
                    <float_array id="pointarray1" count="603">-33507.2578125 -9500 84629.6875 -19377.541015625 13255.380859375 41179.37109375 -38755.08203125 -9500 82358.7421875 -21924.978515625 13255.380859375 39881.390625 -43849.95703125 -9500 79762.78125 -24385.888671875 13255.380859375 38426.01171875 -48771.77734375 -9500 76852.0234375 -26750.5546875 13255.380859375 36818.98046875 -53501.109375 -9500 73637.9609375 -29009.6484375 13255.380859375 35066.64453125 -58019.296875 -9500 70133.2890625 -31154.26171875 13255.380859375 33175.91796875 -62308.5234375 -9500 66351.8359375 -33175.91796875 13255.380859375 31154.26171875 -66351.8359375 -9500 62308.5234375 -35066.64453125 13255.380859375 29009.6484375 -70133.2890625 -9500 58019.296875 -36818.98046875 13255.380859375 26750.5546875 -73637.9609375 -9500 53501.109375 -38426.0078125 13255.380859375 24385.88671875 -76852.015625 -9500 48771.7734375 -39881.3828125 13255.380859375 21924.978515625 -79762.765625 -9500 43849.95703125 -41179.37109375 13255.380859375 19377.5390625 -82358.7421875 -9500 38755.078125 -42314.83984375 13255.380859375 16753.62890625 -84629.6796875 -9500 33507.2578125 -43283.3125 13255.380859375 14063.59765625 -86566.625 -9500 28127.1953125 -44080.95703125 13255.380859375 11318.06640625 -88161.9140625 -9500 22636.1328125 -44704.640625 13255.380859375 8527.8662109375 -89409.28125 -9500 17055.732421875 -45151.89453125 13255.380859375 5704.01123046875 -90303.7890625 -9500 11408.0224609375 -45420.953125 13255.380859375 2857.644287109375 -90841.90625 -9500 5715.28857421875 -45510.76171875 13255.380859375 0 -91021.5234375 -9500 0 -45420.953125 13255.380859375 -2857.64404296875 -90841.90625 -9500 -5715.2880859375 -45151.8984375 13255.380859375 -5704.0107421875 -90303.796875 -9500 -11408.021484375 -44704.640625 13255.380859375 -8527.8662109375 -89409.28125 -9500 -17055.732421875 -44080.96875 13255.380859375 -11318.06640625 -88161.9375 -9500 -22636.1328125 -43283.3125 13255.380859375 -14063.59765625 -86566.625 -9500 -28127.1953125 -42314.84375 13255.380859375 -16753.62890625 -84629.6875 -9500 -33507.2578125 -41179.37109375 13255.380859375 -19377.541015625 -82358.7421875 -9500 -38755.08203125 -39881.390625 13255.380859375 -21924.978515625 -79762.78125 -9500 -43849.95703125 -38426.01171875 13255.380859375 -24385.888671875 -76852.0234375 -9500 -48771.77734375 -36818.98046875 13255.380859375 -26750.5546875 -73637.9609375 -9500 -53501.109375 -35066.64453125 13255.380859375 -29009.6484375 -70133.2890625 -9500 -58019.296875 -33175.91796875 13255.380859375 -31154.26171875 -66351.8359375 -9500 -62308.5234375 -31154.26171875 13255.380859375 -33175.91796875 -62308.5234375 -9500 -66351.8359375 -29009.6484375 13255.380859375 -35066.64453125 -58019.296875 -9500 -70133.2890625 -26750.5546875 13255.380859375 -36818.98046875 -53501.109375 -9500 -73637.9609375 -24385.888671875 13255.380859375 -38426.01171875 -48771.77734375 -9500 -76852.0234375 -21924.978515625 13255.380859375 -39881.390625 -43849.95703125 -9500 -79762.78125 -19377.541015625 13255.380859375 -41179.37109375 -38755.08203125 -9500 -82358.7421875 -16753.62890625 13255.380859375 -42314.84375 -33507.2578125 -9500 -84629.6875 -14063.59765625 13255.380859375 -43283.3125 -28127.1953125 -9500 -86566.625 -11318.0673828125 13255.380859375 -44080.96875 -22636.134765625 -9500 -88161.9375 -8527.8671875 13255.380859375 -44704.640625 -17055.734375 -9500 -89409.28125 -5704.0126953125 13255.380859375 -45151.8984375 -11408.025390625 -9500 -90303.796875 -2857.64501953125 13255.380859375 -45420.953125 -5715.2900390625 -9500 -90841.90625 -0.0005699999746866524 13255.380859375 -45510.76171875 -0.0011399999493733048 -9500 -91021.5234375 2857.64404296875 13255.380859375 -45420.953125 5715.2880859375 -9500 -90841.90625 5704.0107421875 13255.380859375 -45151.8984375 11408.021484375 -9500 -90303.796875 8527.8662109375 13255.380859375 -44704.640625 17055.732421875 -9500 -89409.28125 11318.06640625 13255.380859375 -44080.96875 22636.1328125 -9500 -88161.9375 14063.59765625 13255.380859375 -43283.3125 28127.1953125 -9500 -86566.625 16753.62890625 13255.380859375 -42314.84375 33507.2578125 -9500 -84629.6875 19377.541015625 13255.380859375 -41179.37109375 38755.08203125 -9500 -82358.7421875 21924.978515625 13255.380859375 -39881.390625 43849.95703125 -9500 -79762.78125 24385.888671875 13255.380859375 -38426.01171875 48771.77734375 -9500 -76852.0234375 26750.5546875 13255.380859375 -36818.98046875 53501.109375 -9500 -73637.9609375 29009.6484375 13255.380859375 -35066.64453125 58019.296875 -9500 -70133.2890625 31154.26171875 13255.380859375 -33175.91796875 62308.5234375 -9500 -66351.8359375 33175.91796875 13255.380859375 -31154.26171875 66351.8359375 -9500 -62308.5234375 35066.64453125 13255.380859375 -29009.6484375 70133.2890625 -9500 -58019.296875 36818.98046875 13255.380859375 -26750.5546875 73637.9609375 -9500 -53501.109375 38426.01171875 13255.380859375 -24385.888671875 76852.0234375 -9500 -48771.77734375 39881.390625 13255.380859375 -21924.978515625 79762.78125 -9500 -43849.95703125 41179.37109375 13255.380859375 -19377.541015625 82358.7421875 -9500 -38755.08203125 42314.84375 13255.380859375 -16753.62890625 84629.6875 -9500 -33507.2578125 43283.3125 13255.380859375 -14063.59765625 86566.625 -9500 -28127.1953125 44080.96875 13255.380859375 -11318.0673828125 88161.9375 -9500 -22636.134765625 44704.640625 13255.380859375 -8527.8671875 89409.28125 -9500 -17055.734375 45151.8984375 13255.380859375 -5704.0126953125 90303.796875 -9500 -11408.025390625 45420.953125 13255.380859375 -2857.64501953125 90841.90625 -9500 -5715.2900390625 45510.76171875 13255.380859375 -0.0005699999746866524 91021.5234375 -9500 -0.0011399999493733048 45420.953125 13255.380859375 2857.64404296875 90841.90625 -9500 5715.2880859375 45151.8984375 13255.380859375 5704.0107421875 90303.796875 -9500 11408.021484375 44704.640625 13255.380859375 8527.8662109375 89409.28125 -9500 17055.732421875 44080.96875 13255.380859375 11318.06640625 88161.9375 -9500 22636.1328125 43283.3125 13255.380859375 14063.59765625 86566.625 -9500 28127.1953125 42314.84375 13255.380859375 16753.62890625 84629.6875 -9500 33507.2578125 41179.37109375 13255.380859375 19377.541015625 82358.7421875 -9500 38755.08203125 39881.390625 13255.380859375 21924.978515625 79762.78125 -9500 43849.95703125 38426.01171875 13255.380859375 24385.888671875 76852.0234375 -9500 48771.77734375 36818.98046875 13255.380859375 26750.5546875 73637.9609375 -9500 53501.109375 35066.64453125 13255.380859375 29009.6484375 70133.2890625 -9500 58019.296875 33175.91796875 13255.380859375 31154.26171875 66351.8359375 -9500 62308.5234375 31154.26171875 13255.380859375 33175.91796875 62308.5234375 -9500 66351.8359375 29009.6484375 13255.380859375 35066.64453125 58019.296875 -9500 70133.2890625 26750.5546875 13255.380859375 36818.98046875 53501.109375 -9500 73637.9609375 24385.888671875 13255.380859375 38426.01171875 48771.77734375 -9500 76852.0234375 21924.978515625 13255.380859375 39881.390625 43849.95703125 -9500 79762.78125 19377.541015625 13255.380859375 41179.37109375 38755.08203125 -9500 82358.7421875 16753.62890625 13255.380859375 42314.84375 33507.2578125 -9500 84629.6875 14063.59765625 13255.380859375 43283.3125 28127.1953125 -9500 86566.625 11318.0673828125 13255.380859375 44080.96875 22636.134765625 -9500 88161.9375 8527.8671875 13255.380859375 44704.640625 17055.734375 -9500 89409.28125 5704.0126953125 13255.380859375 45151.8984375 11408.025390625 -9500 90303.796875 2857.64501953125 13255.380859375 45420.953125 5715.2900390625 -9500 90841.90625 0.0005699999746866524 13255.380859375 45510.76171875 0.0011399999493733048 -9500 91021.5234375 -2857.64404296875 13255.380859375 45420.953125 -5715.2880859375 -9500 90841.90625 -5704.0107421875 13255.380859375 45151.8984375 -11408.021484375 -9500 90303.796875 -8527.8662109375 13255.380859375 44704.640625 -17055.732421875 -9500 89409.28125 -11318.06640625 13255.380859375 44080.96875 -22636.1328125 -9500 88161.9375 -14063.59765625 13255.380859375 43283.3125 -28127.1953125 -9500 86566.625 -16753.62890625 13255.380859375 42314.84375 0 36010.76171875 0</float_array>
                    <technique_common>
                        <accessor count="201" source="#pointarray1" stride="3">
                            <param name="X" type="float"/>
                            <param name="Y" type="float"/>
                            <param name="Z" type="float"/>
                        </accessor>
                    </technique_common>
                </source>
                <source id="uvs1">
                    <float_array id="uvarray1" count="402">-3.3203125 0.03125 -1.6640625 0.2734375 -3.83203125 0.04296875 -1.91015625 0.28125 -4.32421875 0.05859375 -2.1484375 0.2890625 -4.80078125 0.07421875 -2.37890625 0.296875 -5.2578125 0.09375 -2.59375 0.30859375 -5.69140625 0.11328125 -2.796875 0.31640625 -6.09765625 0.1328125 -2.98828125 0.328125 -6.48046875 0.15625 -3.1640625 0.33984375 -6.83203125 0.1796875 -3.328125 0.3515625 -7.16015625 0.203125 -3.4765625 0.3671875 -7.453125 0.23046875 -3.609375 0.37890625 -7.71875 0.2578125 -3.72265625 0.39453125 -7.94921875 0.28515625 -3.82421875 0.41015625 -8.1484375 0.31640625 -3.90625 0.421875 -8.3125 0.34375 -3.96875 0.4375 -8.44140625 0.375 -4.015625 0.453125 -8.53515625 0.40625 -4.046875 0.46875 -8.59375 0.4375 -4.0546875 0.484375 -8.61328125 0.46875 -4.05078125 0.5 -8.6015625 0.5 -4.0234375 0.51953125 -8.55078125 0.53515625 -3.98046875 0.53515625 -8.46484375 0.56640625 -3.921875 0.55078125 -8.34375 0.59765625 -3.84375 0.56640625 -8.1875 0.62890625 -3.75 0.58203125 -8 0.66015625 -3.63671875 0.59375 -7.7734375 0.6875 -3.5078125 0.609375 -7.51953125 0.71875 -3.36328125 0.625 -7.23046875 0.74609375 -3.20703125 0.63671875 -6.9140625 0.7734375 -3.03125 0.65234375 -6.56640625 0.80078125 -2.84375 0.6640625 -6.1875 0.82421875 -2.640625 0.67578125 -5.78515625 0.84765625 -2.4296875 0.6875 -5.359375 0.87109375 -2.203125 0.6953125 -4.91015625 0.890625 -1.96875 0.70703125 -4.4375 0.91015625 -1.72265625 0.71484375 -3.94921875 0.9296875 -1.46875 0.72265625 -3.44140625 0.9453125 -1.20703125 0.73046875 -2.9140625 0.9609375 -0.9375 0.73828125 -2.37890625 0.97265625 -0.6640625 0.7421875 -1.828125 0.984375 -0.38671875 0.74609375 -1.2734375 0.9921875 -0.1015625 0.75 -0.70703125 1 0.1796875 0.75390625 -0.13671875 1 0.46484375 0.75390625 0.4296875 1.00390625 0.75 0.75390625 1.00390625 1.00390625 1.03515625 0.75390625 1.57421875 1.00390625 1.3203125 0.75390625 2.140625 1 1.59765625 0.75 2.69921875 1 1.875 0.74609375 3.25 0.9921875 2.14453125 0.7421875 3.79296875 0.984375 2.41015625 0.73828125 4.3203125 0.97265625 2.6640625 0.73046875 4.83203125 0.9609375 2.91015625 0.72265625 5.32421875 0.9453125 3.1484375 0.71484375 5.80078125 0.9296875 3.37890625 0.70703125 6.2578125 0.91015625 3.59375 0.6953125 6.69140625 0.890625 3.796875 0.6875 7.09765625 0.87109375 3.98828125 0.67578125 7.48046875 0.84765625 4.1640625 0.6640625 7.83203125 0.82421875 4.328125 0.65234375 8.16015625 0.80078125 4.4765625 0.63671875 8.453125 0.7734375 4.609375 0.625 8.71875 0.74609375 4.72265625 0.609375 8.94921875 0.71875 4.82421875 0.59375 9.1484375 0.6875 4.90625 0.58203125 9.3125 0.66015625 4.96875 0.56640625 9.44140625 0.62890625 5.015625 0.55078125 9.53515625 0.59765625 5.046875 0.53515625 9.59375 0.56640625 5.0546875 0.51953125 9.61328125 0.53515625 5.05078125 0.5 9.6015625 0.5 5.0234375 0.484375 9.55078125 0.46875 4.98046875 0.46875 9.46484375 0.4375 4.921875 0.453125 9.34375 0.40625 4.84375 0.4375 9.1875 0.375 4.75 0.421875 9 0.34375 4.63671875 0.41015625 8.7734375 0.31640625 4.5078125 0.39453125 8.51953125 0.28515625 4.36328125 0.37890625 8.23046875 0.2578125 4.20703125 0.3671875 7.9140625 0.23046875 4.03125 0.3515625 7.56640625 0.203125 3.84375 0.33984375 7.1875 0.1796875 3.640625 0.328125 6.78515625 0.15625 3.4296875 0.31640625 6.359375 0.1328125 3.203125 0.30859375 5.91015625 0.11328125 2.96875 0.296875 5.4375 0.09375 2.72265625 0.2890625 4.94921875 0.07421875 2.46875 0.28125 4.44140625 0.05859375 2.20703125 0.2734375 3.9140625 0.04296875 1.9375 0.265625 3.37890625 0.03125 1.6640625 0.26171875 2.828125 0.01953125 1.38671875 0.2578125 2.2734375 0.01171875 1.1015625 0.25390625 1.70703125 0.00390625 0.81640625 0.25 1.13671875 0 0.53125 0.25 0.56640625 -0.00390625 0.24609375 0.25 -0.00390625 -0.00390625 -0.03515625 0.25 -0.57421875 -0.00390625 -0.3203125 0.25 -1.140625 0 -0.59765625 0.25390625 -1.69921875 0.00390625 -0.875 0.2578125 -2.25 0.01171875 -1.14453125 0.26171875 -2.79296875 0.01953125 -1.41015625 0.265625 0.5 0.5</float_array>
                    <technique_common>
                        <accessor count="1" source="#uvarray1" stride="2">
                            <param name="S" type="float"/>
                            <param name="T" type="float"/>
                        </accessor>
                    </technique_common>
                </source>
                <vertices id="vertices1">
                    <input semantic="POSITION" source="#points1"/>
                </vertices>
                <polylist count="300" material="Material1">
                    <input offset="0" semantic="VERTEX" source="#vertices1"/>
                    <input offset="1" semantic="TEXCOORD" source="#uvs1" set="0"/>
                    <vcount>3 3 3 3 3 3 3 3 3 3 3 3 3 3 3 3 3 3 3 3 3 3 3 3 3 3 3 3 3 3 3 3 3 3 3 3 3 3 3 3 3 3 3 3 3 3 3 3 3 3 3 3 3 3 3 3 3 3 3 3 3 3 3 3 3 3 3 3 3 3 3 3 3 3 3 3 3 3 3 3 3 3 3 3 3 3 3 3 3 3 3 3 3 3 3 3 3 3 3 3 3 3 3 3 3 3 3 3 3 3 3 3 3 3 3 3 3 3 3 3 3 3 3 3 3 3 3 3 3 3 3 3 3 3 3 3 3 3 3 3 3 3 3 3 3 3 3 3 3 3 3 3 3 3 3 3 3 3 3 3 3 3 3 3 3 3 3 3 3 3 3 3 3 3 3 3 3 3 3 3 3 3 3 3 3 3 3 3 3 3 3 3 3 3 3 3 3 3 3 3 3 3 3 3 3 3 3 3 3 3 3 3 3 3 3 3 3 3 3 3 3 3 3 3 3 3 3 3 3 3 3 3 3 3 3 3 3 3 3 3 3 3 3 3 3 3 3 3 3 3 3 3 3 3 3 3 3 3 3 3 3 3 3 3 3 3 3 3 3 3 3 3 3 3 3 3 3 3 3 3 3 3 3 3 3 3 3 3 3 3 3 3 3 3 3 3 3 3 3 3</vcount>
                    <p>2 2 1 1 0 0 3 3 1 1 2 2 4 4 3 3 2 2 5 5 3 3 4 4 6 6 5 5 4 4 7 7 5 5 6 6 8 8 7 7 6 6 9 9 7 7 8 8 10 10 9 9 8 8 11 11 9 9 10 10 12 12 11 11 10 10 13 13 11 11 12 12 14 14 13 13 12 12 15 15 13 13 14 14 16 16 15 15 14 14 17 17 15 15 16 16 18 18 17 17 16 16 19 19 17 17 18 18 20 20 19 19 18 18 21 21 19 19 20 20 22 22 21 21 20 20 23 23 21 21 22 22 24 24 23 23 22 22 25 25 23 23 24 24 26 26 25 25 24 24 27 27 25 25 26 26 28 28 27 27 26 26 29 29 27 27 28 28 30 30 29 29 28 28 31 31 29 29 30 30 32 32 31 31 30 30 33 33 31 31 32 32 34 34 33 33 32 32 35 35 33 33 34 34 36 36 35 35 34 34 37 37 35 35 36 36 38 38 37 37 36 36 39 39 37 37 38 38 40 40 39 39 38 38 41 41 39 39 40 40 42 42 41 41 40 40 43 43 41 41 42 42 44 44 43 43 42 42 45 45 43 43 44 44 46 46 45 45 44 44 47 47 45 45 46 46 48 48 47 47 46 46 49 49 47 47 48 48 50 50 49 49 48 48 51 51 49 49 50 50 52 52 51 51 50 50 53 53 51 51 52 52 54 54 53 53 52 52 55 55 53 53 54 54 56 56 55 55 54 54 57 57 55 55 56 56 58 58 57 57 56 56 59 59 57 57 58 58 60 60 59 59 58 58 61 61 59 59 60 60 62 62 61 61 60 60 63 63 61 61 62 62 64 64 63 63 62 62 65 65 63 63 64 64 66 66 65 65 64 64 67 67 65 65 66 66 68 68 67 67 66 66 69 69 67 67 68 68 70 70 69 69 68 68 71 71 69 69 70 70 72 72 71 71 70 70 73 73 71 71 72 72 74 74 73 73 72 72 75 75 73 73 74 74 76 76 75 75 74 74 77 77 75 75 76 76 78 78 77 77 76 76 79 79 77 77 78 78 80 80 79 79 78 78 81 81 79 79 80 80 82 82 81 81 80 80 83 83 81 81 82 82 84 84 83 83 82 82 85 85 83 83 84 84 86 86 85 85 84 84 87 87 85 85 86 86 88 88 87 87 86 86 89 89 87 87 88 88 90 90 89 89 88 88 91 91 89 89 90 90 92 92 91 91 90 90 93 93 91 91 92 92 94 94 93 93 92 92 95 95 93 93 94 94 96 96 95 95 94 94 97 97 95 95 96 96 98 98 97 97 96 96 99 99 97 97 98 98 100 100 99 99 98 98 101 101 99 99 100 100 102 102 101 101 100 100 103 103 101 101 102 102 104 104 103 103 102 102 105 105 103 103 104 104 106 106 105 105 104 104 107 107 105 105 106 106 108 108 107 107 106 106 109 109 107 107 108 108 110 110 109 109 108 108 111 111 109 109 110 110 112 112 111 111 110 110 113 113 111 111 112 112 114 114 113 113 112 112 115 115 113 113 114 114 116 116 115 115 114 114 117 117 115 115 116 116 118 118 117 117 116 116 119 119 117 117 118 118 120 120 119 119 118 118 121 121 119 119 120 120 122 122 121 121 120 120 123 123 121 121 122 122 124 124 123 123 122 122 125 125 123 123 124 124 126 126 125 125 124 124 127 127 125 125 126 126 128 128 127 127 126 126 129 129 127 127 128 128 130 130 129 129 128 128 131 131 129 129 130 130 132 132 131 131 130 130 133 133 131 131 132 132 134 134 133 133 132 132 135 135 133 133 134 134 136 136 135 135 134 134 137 137 135 135 136 136 138 138 137 137 136 136 139 139 137 137 138 138 140 140 139 139 138 138 141 141 139 139 140 140 142 142 141 141 140 140 143 143 141 141 142 142 144 144 143 143 142 142 145 145 143 143 144 144 146 146 145 145 144 144 147 147 145 145 146 146 148 148 147 147 146 146 149 149 147 147 148 148 150 150 149 149 148 148 151 151 149 149 150 150 152 152 151 151 150 150 153 153 151 151 152 152 154 154 153 153 152 152 155 155 153 153 154 154 156 156 155 155 154 154 157 157 155 155 156 156 158 158 157 157 156 156 159 159 157 157 158 158 160 160 159 159 158 158 161 161 159 159 160 160 162 162 161 161 160 160 163 163 161 161 162 162 164 164 163 163 162 162 165 165 163 163 164 164 166 166 165 165 164 164 167 167 165 165 166 166 168 168 167 167 166 166 169 169 167 167 168 168 170 170 169 169 168 168 171 171 169 169 170 170 172 172 171 171 170 170 173 173 171 171 172 172 174 174 173 173 172 172 175 175 173 173 174 174 176 176 175 175 174 174 177 177 175 175 176 176 178 178 177 177 176 176 179 179 177 177 178 178 180 180 179 179 178 178 181 181 179 179 180 180 182 182 181 181 180 180 183 183 181 181 182 182 184 184 183 183 182 182 185 185 183 183 184 184 186 186 185 185 184 184 187 187 185 185 186 186 188 188 187 187 186 186 189 189 187 187 188 188 190 190 189 189 188 188 191 191 189 189 190 190 192 192 191 191 190 190 193 193 191 191 192 192 194 194 193 193 192 192 195 195 193 193 194 194 196 196 195 195 194 194 197 197 195 195 196 196 198 198 197 197 196 196 199 199 197 197 198 198 0 0 199 199 198 198 1 1 199 199 0 0 200 200 193 193 195 195 191 191 193 193 200 200 189 189 191 191 200 200 200 200 187 187 189 189 185 185 187 187 200 200 183 183 185 185 200 200 200 200 181 181 183 183 179 179 181 181 200 200 177 177 179 179 200 200 200 200 175 175 177 177 173 173 175 175 200 200 171 171 173 173 200 200 200 200 169 169 171 171 167 167 169 169 200 200 165 165 167 167 200 200 200 200 163 163 165 165 161 161 163 163 200 200 159 159 161 161 200 200 200 200 157 157 159 159 155 155 157 157 200 200 153 153 155 155 200 200 200 200 151 151 153 153 149 149 151 151 200 200 147 147 149 149 200 200 1 1 200 200 199 199 3 3 200 200 1 1 197 197 200 200 195 195 199 199 200 200 197 197 5 5 200 200 3 3 7 7 200 200 5 5 9 9 200 200 7 7 11 11 200 200 9 9 13 13 200 200 11 11 15 15 200 200 13 13 17 17 200 200 15 15 19 19 200 200 17 17 21 21 200 200 19 19 23 23 200 200 21 21 25 25 200 200 23 23 27 27 200 200 25 25 29 29 200 200 27 27 31 31 200 200 29 29 33 33 200 200 31 31 35 35 200 200 33 33 37 37 200 200 35 35 39 39 200 200 37 37 41 41 200 200 39 39 43 43 200 200 41 41 45 45 200 200 43 43 47 47 200 200 45 45 49 49 200 200 47 47 51 51 200 200 49 49 53 53 200 200 51 51 55 55 200 200 53 53 57 57 200 200 55 55 59 59 200 200 57 57 61 61 200 200 59 59 63 63 200 200 61 61 65 65 200 200 63 63 67 67 200 200 65 65 69 69 200 200 67 67 71 71 200 200 69 69 73 73 200 200 71 71 75 75 200 200 73 73 77 77 200 200 75 75 79 79 200 200 77 77 81 81 200 200 79 79 83 83 200 200 81 81 85 85 200 200 83 83 87 87 200 200 85 85 89 89 200 200 87 87 91 91 200 200 89 89 93 93 200 200 91 91 95 95 200 200 93 93 97 97 200 200 95 95 99 99 200 200 97 97 101 101 200 200 99 99 103 103 200 200 101 101 105 105 200 200 103 103 107 107 200 200 105 105 109 109 200 200 107 107 111 111 200 200 109 109 113 113 200 200 111 111 115 115 200 200 113 113 117 117 200 200 115 115 119 119 200 200 117 117 121 121 200 200 119 119 123 123 200 200 121 121 125 125 200 200 123 123 127 127 200 200 125 125 129 129 200 200 127 127 131 131 200 200 129 129 133 133 200 200 131 131 135 135 200 200 133 133 137 137 200 200 135 135 139 139 200 200 137 137 141 141 200 200 139 139 143 143 200 200 141 141 145 145 200 200 143 143 147 147 200 200 145 145</p>
                </polylist>
            </mesh>
        </geometry>
        <geometry id="mesh1_VC">
            <mesh>
                <source id="points1_VC">
                    <float_array id="pointarray1_VC" count="603">-33507.2578125 -9500 84629.6875 -19377.541015625 13255.380859375 41179.37109375 -38755.08203125 -9500 82358.7421875 -21924.978515625 13255.380859375 39881.390625 -43849.95703125 -9500 79762.78125 -24385.888671875 13255.380859375 38426.01171875 -48771.77734375 -9500 76852.0234375 -26750.5546875 13255.380859375 36818.98046875 -53501.109375 -9500 73637.9609375 -29009.6484375 13255.380859375 35066.64453125 -58019.296875 -9500 70133.2890625 -31154.26171875 13255.380859375 33175.91796875 -62308.5234375 -9500 66351.8359375 -33175.91796875 13255.380859375 31154.26171875 -66351.8359375 -9500 62308.5234375 -35066.64453125 13255.380859375 29009.6484375 -70133.2890625 -9500 58019.296875 -36818.98046875 13255.380859375 26750.5546875 -73637.9609375 -9500 53501.109375 -38426.0078125 13255.380859375 24385.88671875 -76852.015625 -9500 48771.7734375 -39881.3828125 13255.380859375 21924.978515625 -79762.765625 -9500 43849.95703125 -41179.37109375 13255.380859375 19377.5390625 -82358.7421875 -9500 38755.078125 -42314.83984375 13255.380859375 16753.62890625 -84629.6796875 -9500 33507.2578125 -43283.3125 13255.380859375 14063.59765625 -86566.625 -9500 28127.1953125 -44080.95703125 13255.380859375 11318.06640625 -88161.9140625 -9500 22636.1328125 -44704.640625 13255.380859375 8527.8662109375 -89409.28125 -9500 17055.732421875 -45151.89453125 13255.380859375 5704.01123046875 -90303.7890625 -9500 11408.0224609375 -45420.953125 13255.380859375 2857.644287109375 -90841.90625 -9500 5715.28857421875 -45510.76171875 13255.380859375 0 -91021.5234375 -9500 0 -45420.953125 13255.380859375 -2857.64404296875 -90841.90625 -9500 -5715.2880859375 -45151.8984375 13255.380859375 -5704.0107421875 -90303.796875 -9500 -11408.021484375 -44704.640625 13255.380859375 -8527.8662109375 -89409.28125 -9500 -17055.732421875 -44080.96875 13255.380859375 -11318.06640625 -88161.9375 -9500 -22636.1328125 -43283.3125 13255.380859375 -14063.59765625 -86566.625 -9500 -28127.1953125 -42314.84375 13255.380859375 -16753.62890625 -84629.6875 -9500 -33507.2578125 -41179.37109375 13255.380859375 -19377.541015625 -82358.7421875 -9500 -38755.08203125 -39881.390625 13255.380859375 -21924.978515625 -79762.78125 -9500 -43849.95703125 -38426.01171875 13255.380859375 -24385.888671875 -76852.0234375 -9500 -48771.77734375 -36818.98046875 13255.380859375 -26750.5546875 -73637.9609375 -9500 -53501.109375 -35066.64453125 13255.380859375 -29009.6484375 -70133.2890625 -9500 -58019.296875 -33175.91796875 13255.380859375 -31154.26171875 -66351.8359375 -9500 -62308.5234375 -31154.26171875 13255.380859375 -33175.91796875 -62308.5234375 -9500 -66351.8359375 -29009.6484375 13255.380859375 -35066.64453125 -58019.296875 -9500 -70133.2890625 -26750.5546875 13255.380859375 -36818.98046875 -53501.109375 -9500 -73637.9609375 -24385.888671875 13255.380859375 -38426.01171875 -48771.77734375 -9500 -76852.0234375 -21924.978515625 13255.380859375 -39881.390625 -43849.95703125 -9500 -79762.78125 -19377.541015625 13255.380859375 -41179.37109375 -38755.08203125 -9500 -82358.7421875 -16753.62890625 13255.380859375 -42314.84375 -33507.2578125 -9500 -84629.6875 -14063.59765625 13255.380859375 -43283.3125 -28127.1953125 -9500 -86566.625 -11318.0673828125 13255.380859375 -44080.96875 -22636.134765625 -9500 -88161.9375 -8527.8671875 13255.380859375 -44704.640625 -17055.734375 -9500 -89409.28125 -5704.0126953125 13255.380859375 -45151.8984375 -11408.025390625 -9500 -90303.796875 -2857.64501953125 13255.380859375 -45420.953125 -5715.2900390625 -9500 -90841.90625 -0.0005699999746866524 13255.380859375 -45510.76171875 -0.0011399999493733048 -9500 -91021.5234375 2857.64404296875 13255.380859375 -45420.953125 5715.2880859375 -9500 -90841.90625 5704.0107421875 13255.380859375 -45151.8984375 11408.021484375 -9500 -90303.796875 8527.8662109375 13255.380859375 -44704.640625 17055.732421875 -9500 -89409.28125 11318.06640625 13255.380859375 -44080.96875 22636.1328125 -9500 -88161.9375 14063.59765625 13255.380859375 -43283.3125 28127.1953125 -9500 -86566.625 16753.62890625 13255.380859375 -42314.84375 33507.2578125 -9500 -84629.6875 19377.541015625 13255.380859375 -41179.37109375 38755.08203125 -9500 -82358.7421875 21924.978515625 13255.380859375 -39881.390625 43849.95703125 -9500 -79762.78125 24385.888671875 13255.380859375 -38426.01171875 48771.77734375 -9500 -76852.0234375 26750.5546875 13255.380859375 -36818.98046875 53501.109375 -9500 -73637.9609375 29009.6484375 13255.380859375 -35066.64453125 58019.296875 -9500 -70133.2890625 31154.26171875 13255.380859375 -33175.91796875 62308.5234375 -9500 -66351.8359375 33175.91796875 13255.380859375 -31154.26171875 66351.8359375 -9500 -62308.5234375 35066.64453125 13255.380859375 -29009.6484375 70133.2890625 -9500 -58019.296875 36818.98046875 13255.380859375 -26750.5546875 73637.9609375 -9500 -53501.109375 38426.01171875 13255.380859375 -24385.888671875 76852.0234375 -9500 -48771.77734375 39881.390625 13255.380859375 -21924.978515625 79762.78125 -9500 -43849.95703125 41179.37109375 13255.380859375 -19377.541015625 82358.7421875 -9500 -38755.08203125 42314.84375 13255.380859375 -16753.62890625 84629.6875 -9500 -33507.2578125 43283.3125 13255.380859375 -14063.59765625 86566.625 -9500 -28127.1953125 44080.96875 13255.380859375 -11318.0673828125 88161.9375 -9500 -22636.134765625 44704.640625 13255.380859375 -8527.8671875 89409.28125 -9500 -17055.734375 45151.8984375 13255.380859375 -5704.0126953125 90303.796875 -9500 -11408.025390625 45420.953125 13255.380859375 -2857.64501953125 90841.90625 -9500 -5715.2900390625 45510.76171875 13255.380859375 -0.0005699999746866524 91021.5234375 -9500 -0.0011399999493733048 45420.953125 13255.380859375 2857.64404296875 90841.90625 -9500 5715.2880859375 45151.8984375 13255.380859375 5704.0107421875 90303.796875 -9500 11408.021484375 44704.640625 13255.380859375 8527.8662109375 89409.28125 -9500 17055.732421875 44080.96875 13255.380859375 11318.06640625 88161.9375 -9500 22636.1328125 43283.3125 13255.380859375 14063.59765625 86566.625 -9500 28127.1953125 42314.84375 13255.380859375 16753.62890625 84629.6875 -9500 33507.2578125 41179.37109375 13255.380859375 19377.541015625 82358.7421875 -9500 38755.08203125 39881.390625 13255.380859375 21924.978515625 79762.78125 -9500 43849.95703125 38426.01171875 13255.380859375 24385.888671875 76852.0234375 -9500 48771.77734375 36818.98046875 13255.380859375 26750.5546875 73637.9609375 -9500 53501.109375 35066.64453125 13255.380859375 29009.6484375 70133.2890625 -9500 58019.296875 33175.91796875 13255.380859375 31154.26171875 66351.8359375 -9500 62308.5234375 31154.26171875 13255.380859375 33175.91796875 62308.5234375 -9500 66351.8359375 29009.6484375 13255.380859375 35066.64453125 58019.296875 -9500 70133.2890625 26750.5546875 13255.380859375 36818.98046875 53501.109375 -9500 73637.9609375 24385.888671875 13255.380859375 38426.01171875 48771.77734375 -9500 76852.0234375 21924.978515625 13255.380859375 39881.390625 43849.95703125 -9500 79762.78125 19377.541015625 13255.380859375 41179.37109375 38755.08203125 -9500 82358.7421875 16753.62890625 13255.380859375 42314.84375 33507.2578125 -9500 84629.6875 14063.59765625 13255.380859375 43283.3125 28127.1953125 -9500 86566.625 11318.0673828125 13255.380859375 44080.96875 22636.134765625 -9500 88161.9375 8527.8671875 13255.380859375 44704.640625 17055.734375 -9500 89409.28125 5704.0126953125 13255.380859375 45151.8984375 11408.025390625 -9500 90303.796875 2857.64501953125 13255.380859375 45420.953125 5715.2900390625 -9500 90841.90625 0.0005699999746866524 13255.380859375 45510.76171875 0.0011399999493733048 -9500 91021.5234375 -2857.64404296875 13255.380859375 45420.953125 -5715.2880859375 -9500 90841.90625 -5704.0107421875 13255.380859375 45151.8984375 -11408.021484375 -9500 90303.796875 -8527.8662109375 13255.380859375 44704.640625 -17055.732421875 -9500 89409.28125 -11318.06640625 13255.380859375 44080.96875 -22636.1328125 -9500 88161.9375 -14063.59765625 13255.380859375 43283.3125 -28127.1953125 -9500 86566.625 -16753.62890625 13255.380859375 42314.84375 0 36010.76171875 0</float_array>
                    <technique_common>
                        <accessor count="201" source="#pointarray1_VC" stride="3">
                            <param name="X" type="float"/>
                            <param name="Y" type="float"/>
                            <param name="Z" type="float"/>
                        </accessor>
                    </technique_common>
                </source>
                <source id="uvs1_VC">
                    <float_array id="uvarray1_VC" count="4">0.6376953125 0.6653645833333333 0.6376953125 0.5013020833333333</float_array>
                    <technique_common>
                        <accessor count="1" source="#uvarray1_VC" stride="2">
                            <param name="S" type="float"/>
                            <param name="T" type="float"/>
                        </accessor>
                    </technique_common>
                </source>
                <vertices id="vertices1_VC">
                    <input semantic="POSITION" source="#points1_VC"/>
                </vertices>
                <polylist count="300" material="Material1">
                    <input offset="0" semantic="VERTEX" source="#vertices1_VC"/>
                    <input offset="1" semantic="TEXCOORD" source="#uvs1_VC" set="0"/>
                    <vcount>3 3 3 3 3 3 3 3 3 3 3 3 3 3 3 3 3 3 3 3 3 3 3 3 3 3 3 3 3 3 3 3 3 3 3 3 3 3 3 3 3 3 3 3 3 3 3 3 3 3 3 3 3 3 3 3 3 3 3 3 3 3 3 3 3 3 3 3 3 3 3 3 3 3 3 3 3 3 3 3 3 3 3 3 3 3 3 3 3 3 3 3 3 3 3 3 3 3 3 3 3 3 3 3 3 3 3 3 3 3 3 3 3 3 3 3 3 3 3 3 3 3 3 3 3 3 3 3 3 3 3 3 3 3 3 3 3 3 3 3 3 3 3 3 3 3 3 3 3 3 3 3 3 3 3 3 3 3 3 3 3 3 3 3 3 3 3 3 3 3 3 3 3 3 3 3 3 3 3 3 3 3 3 3 3 3 3 3 3 3 3 3 3 3 3 3 3 3 3 3 3 3 3 3 3 3 3 3 3 3 3 3 3 3 3 3 3 3 3 3 3 3 3 3 3 3 3 3 3 3 3 3 3 3 3 3 3 3 3 3 3 3 3 3 3 3 3 3 3 3 3 3 3 3 3 3 3 3 3 3 3 3 3 3 3 3 3 3 3 3 3 3 3 3 3 3 3 3 3 3 3 3 3 3 3 3 3 3 3 3 3 3 3 3 3 3 3 3 3 3</vcount>
                    <p>2 0 1 1 0 0 3 1 1 1 2 0 4 0 3 1 2 0 5 1 3 1 4 0 6 0 5 1 4 0 7 1 5 1 6 0 8 0 7 1 6 0 9 1 7 1 8 0 10 0 9 1 8 0 11 1 9 1 10 0 12 0 11 1 10 0 13 1 11 1 12 0 14 0 13 1 12 0 15 1 13 1 14 0 16 0 15 1 14 0 17 1 15 1 16 0 18 0 17 1 16 0 19 1 17 1 18 0 20 0 19 1 18 0 21 1 19 1 20 0 22 0 21 1 20 0 23 1 21 1 22 0 24 0 23 1 22 0 25 1 23 1 24 0 26 0 25 1 24 0 27 1 25 1 26 0 28 0 27 1 26 0 29 1 27 1 28 0 30 0 29 1 28 0 31 1 29 1 30 0 32 0 31 1 30 0 33 1 31 1 32 0 34 0 33 1 32 0 35 1 33 1 34 0 36 0 35 1 34 0 37 1 35 1 36 0 38 0 37 1 36 0 39 1 37 1 38 0 40 0 39 1 38 0 41 1 39 1 40 0 42 0 41 1 40 0 43 1 41 1 42 0 44 0 43 1 42 0 45 1 43 1 44 0 46 0 45 1 44 0 47 1 45 1 46 0 48 0 47 1 46 0 49 1 47 1 48 0 50 0 49 1 48 0 51 1 49 1 50 0 52 0 51 1 50 0 53 1 51 1 52 0 54 0 53 1 52 0 55 1 53 1 54 0 56 0 55 1 54 0 57 1 55 1 56 0 58 0 57 1 56 0 59 1 57 1 58 0 60 0 59 1 58 0 61 1 59 1 60 0 62 0 61 1 60 0 63 1 61 1 62 0 64 0 63 1 62 0 65 1 63 1 64 0 66 0 65 1 64 0 67 1 65 1 66 0 68 0 67 1 66 0 69 1 67 1 68 0 70 0 69 1 68 0 71 1 69 1 70 0 72 0 71 1 70 0 73 1 71 1 72 0 74 0 73 1 72 0 75 1 73 1 74 0 76 0 75 1 74 0 77 1 75 1 76 0 78 0 77 1 76 0 79 1 77 1 78 0 80 0 79 1 78 0 81 1 79 1 80 0 82 0 81 1 80 0 83 1 81 1 82 0 84 0 83 1 82 0 85 1 83 1 84 0 86 0 85 1 84 0 87 1 85 1 86 0 88 0 87 1 86 0 89 1 87 1 88 0 90 0 89 1 88 0 91 1 89 1 90 0 92 0 91 1 90 0 93 1 91 1 92 0 94 0 93 1 92 0 95 1 93 1 94 0 96 0 95 1 94 0 97 1 95 1 96 0 98 0 97 1 96 0 99 1 97 1 98 0 100 0 99 1 98 0 101 1 99 1 100 0 102 0 101 1 100 0 103 1 101 1 102 0 104 0 103 1 102 0 105 1 103 1 104 0 106 0 105 1 104 0 107 1 105 1 106 0 108 0 107 1 106 0 109 1 107 1 108 0 110 0 109 1 108 0 111 1 109 1 110 0 112 0 111 1 110 0 113 1 111 1 112 0 114 0 113 1 112 0 115 1 113 1 114 0 116 0 115 1 114 0 117 1 115 1 116 0 118 0 117 1 116 0 119 1 117 1 118 0 120 0 119 1 118 0 121 1 119 1 120 0 122 0 121 1 120 0 123 1 121 1 122 0 124 0 123 1 122 0 125 1 123 1 124 0 126 0 125 1 124 0 127 1 125 1 126 0 128 0 127 1 126 0 129 1 127 1 128 0 130 0 129 1 128 0 131 1 129 1 130 0 132 0 131 1 130 0 133 1 131 1 132 0 134 0 133 1 132 0 135 1 133 1 134 0 136 0 135 1 134 0 137 1 135 1 136 0 138 0 137 1 136 0 139 1 137 1 138 0 140 0 139 1 138 0 141 1 139 1 140 0 142 0 141 1 140 0 143 1 141 1 142 0 144 0 143 1 142 0 145 1 143 1 144 0 146 0 145 1 144 0 147 1 145 1 146 0 148 0 147 1 146 0 149 1 147 1 148 0 150 0 149 1 148 0 151 1 149 1 150 0 152 0 151 1 150 0 153 1 151 1 152 0 154 0 153 1 152 0 155 1 153 1 154 0 156 0 155 1 154 0 157 1 155 1 156 0 158 0 157 1 156 0 159 1 157 1 158 0 160 0 159 1 158 0 161 1 159 1 160 0 162 0 161 1 160 0 163 1 161 1 162 0 164 0 163 1 162 0 165 1 163 1 164 0 166 0 165 1 164 0 167 1 165 1 166 0 168 0 167 1 166 0 169 1 167 1 168 0 170 0 169 1 168 0 171 1 169 1 170 0 172 0 171 1 170 0 173 1 171 1 172 0 174 0 173 1 172 0 175 1 173 1 174 0 176 0 175 1 174 0 177 1 175 1 176 0 178 0 177 1 176 0 179 1 177 1 178 0 180 0 179 1 178 0 181 1 179 1 180 0 182 0 181 1 180 0 183 1 181 1 182 0 184 0 183 1 182 0 185 1 183 1 184 0 186 0 185 1 184 0 187 1 185 1 186 0 188 0 187 1 186 0 189 1 187 1 188 0 190 0 189 1 188 0 191 1 189 1 190 0 192 0 191 1 190 0 193 1 191 1 192 0 194 0 193 1 192 0 195 1 193 1 194 0 196 0 195 1 194 0 197 1 195 1 196 0 198 0 197 1 196 0 199 1 197 1 198 0 0 0 199 1 198 0 1 1 199 1 0 0 200 1 193 1 195 1 191 1 193 1 200 1 189 1 191 1 200 1 200 1 187 1 189 1 185 1 187 1 200 1 183 1 185 1 200 1 200 1 181 1 183 1 179 1 181 1 200 1 177 1 179 1 200 1 200 1 175 1 177 1 173 1 175 1 200 1 171 1 173 1 200 1 200 1 169 1 171 1 167 1 169 1 200 1 165 1 167 1 200 1 200 1 163 1 165 1 161 1 163 1 200 1 159 1 161 1 200 1 200 1 157 1 159 1 155 1 157 1 200 1 153 1 155 1 200 1 200 1 151 1 153 1 149 1 151 1 200 1 147 1 149 1 200 1 1 1 200 1 199 1 3 1 200 1 1 1 197 1 200 1 195 1 199 1 200 1 197 1 5 1 200 1 3 1 7 1 200 1 5 1 9 1 200 1 7 1 11 1 200 1 9 1 13 1 200 1 11 1 15 1 200 1 13 1 17 1 200 1 15 1 19 1 200 1 17 1 21 1 200 1 19 1 23 1 200 1 21 1 25 1 200 1 23 1 27 1 200 1 25 1 29 1 200 1 27 1 31 1 200 1 29 1 33 1 200 1 31 1 35 1 200 1 33 1 37 1 200 1 35 1 39 1 200 1 37 1 41 1 200 1 39 1 43 1 200 1 41 1 45 1 200 1 43 1 47 1 200 1 45 1 49 1 200 1 47 1 51 1 200 1 49 1 53 1 200 1 51 1 55 1 200 1 53 1 57 1 200 1 55 1 59 1 200 1 57 1 61 1 200 1 59 1 63 1 200 1 61 1 65 1 200 1 63 1 67 1 200 1 65 1 69 1 200 1 67 1 71 1 200 1 69 1 73 1 200 1 71 1 75 1 200 1 73 1 77 1 200 1 75 1 79 1 200 1 77 1 81 1 200 1 79 1 83 1 200 1 81 1 85 1 200 1 83 1 87 1 200 1 85 1 89 1 200 1 87 1 91 1 200 1 89 1 93 1 200 1 91 1 95 1 200 1 93 1 97 1 200 1 95 1 99 1 200 1 97 1 101 1 200 1 99 1 103 1 200 1 101 1 105 1 200 1 103 1 107 1 200 1 105 1 109 1 200 1 107 1 111 1 200 1 109 1 113 1 200 1 111 1 115 1 200 1 113 1 117 1 200 1 115 1 119 1 200 1 117 1 121 1 200 1 119 1 123 1 200 1 121 1 125 1 200 1 123 1 127 1 200 1 125 1 129 1 200 1 127 1 131 1 200 1 129 1 133 1 200 1 131 1 135 1 200 1 133 1 137 1 200 1 135 1 139 1 200 1 137 1 141 1 200 1 139 1 143 1 200 1 141 1 145 1 200 1 143 1 147 1 200 1 145 1</p>
                </polylist>
            </mesh>
        </geometry>
        <geometry id="mesh2">
            <mesh>
                <source id="points2">
                    <float_array id="pointarray2" count="63">-48513.046875 -10500 -141938.3125 -90000 -10500 -120000 0 32000 0 -122677.125 -8500 -86315.25 -143345.765625 -8500 -44181.3671875 -2277.29931640625 -10500 -149982.71875 44181.3671875 -10500 -143345.765625 86315.25 -10500 -122677.125 120000 -8500 -90000 141938.3125 -8500 -48513.046875 149982.71875 -8500 -2277.29931640625 143345.765625 -8500 44181.3671875 122677.125 -8500 86315.25 90000 -8500 120000 48513.046875 -8500 141938.3125 2277.29931640625 -8500 149982.71875 -44181.3671875 -8500 143345.765625 -86315.25 -8500 122677.125 -120000 -8500 90000 -141938.3125 -8500 48513.046875 -149982.71875 -8500 2277.29931640625</float_array>
                    <technique_common>
                        <accessor count="21" source="#pointarray2" stride="3">
                            <param name="X" type="float"/>
                            <param name="Y" type="float"/>
                            <param name="Z" type="float"/>
                        </accessor>
                    </technique_common>
                </source>
                <source id="uvs2">
                    <float_array id="uvarray2" count="42">3.03515625 -0.9609375 2.59765625 -1.78515625 0.19921875 0.1015625 1.92578125 -2.43359375 1.08203125 -2.84375 3.19921875 -0.04296875 3.06640625 0.87890625 2.65234375 1.7109375 2 2.37890625 1.16796875 2.81640625 0.2421875 2.97265625 -0.68359375 2.84375 -1.5234375 2.43359375 -2.19921875 1.78515625 -2.63671875 0.96484375 -2.796875 0.046875 -2.6640625 -0.875 -2.25 -1.7109375 -1.59765625 -2.37890625 -0.76953125 -2.81640625 0.15234375 -2.97265625</float_array>
                    <technique_common>
                        <accessor count="1" source="#uvarray2" stride="2">
                            <param name="S" type="float"/>
                            <param name="T" type="float"/>
                        </accessor>
                    </technique_common>
                </source>
                <vertices id="vertices2">
                    <input semantic="POSITION" source="#points2"/>
                </vertices>
                <polylist count="20" material="Material1">
                    <input offset="0" semantic="VERTEX" source="#vertices2"/>
                    <input offset="1" semantic="TEXCOORD" source="#uvs2" set="0"/>
                    <vcount>3 3 3 3 3 3 3 3 3 3 3 3 3 3 3 3 3 3 3 3</vcount>
                    <p>2 2 1 1 0 0 3 3 1 1 2 2 4 4 3 3 2 2 5 5 2 2 0 0 6 6 2 2 5 5 7 7 2 2 6 6 8 8 2 2 7 7 9 9 2 2 8 8 10 10 2 2 9 9 11 11 2 2 10 10 12 12 2 2 11 11 13 13 2 2 12 12 14 14 2 2 13 13 15 15 2 2 14 14 16 16 2 2 15 15 17 17 2 2 16 16 18 18 2 2 17 17 19 19 2 2 18 18 20 20 2 2 19 19 2 2 20 20 4 4</p>
                </polylist>
            </mesh>
        </geometry>
        <geometry id="mesh2_VC">
            <mesh>
                <source id="points2_VC">
                    <float_array id="pointarray2_VC" count="63">-48513.046875 -10500 -141938.3125 -90000 -10500 -120000 0 32000 0 -122677.125 -8500 -86315.25 -143345.765625 -8500 -44181.3671875 -2277.29931640625 -10500 -149982.71875 44181.3671875 -10500 -143345.765625 86315.25 -10500 -122677.125 120000 -8500 -90000 141938.3125 -8500 -48513.046875 149982.71875 -8500 -2277.29931640625 143345.765625 -8500 44181.3671875 122677.125 -8500 86315.25 90000 -8500 120000 48513.046875 -8500 141938.3125 2277.29931640625 -8500 149982.71875 -44181.3671875 -8500 143345.765625 -86315.25 -8500 122677.125 -120000 -8500 90000 -141938.3125 -8500 48513.046875 -149982.71875 -8500 2277.29931640625</float_array>
                    <technique_common>
                        <accessor count="21" source="#pointarray2_VC" stride="3">
                            <param name="X" type="float"/>
                            <param name="Y" type="float"/>
                            <param name="Z" type="float"/>
                        </accessor>
                    </technique_common>
                </source>
                <source id="uvs2_VC">
                    <float_array id="uvarray2_VC" count="4">0.6298828125 0.6653645833333333 0.6298828125 0.33463541666666663</float_array>
                    <technique_common>
                        <accessor count="1" source="#uvarray2_VC" stride="2">
                            <param name="S" type="float"/>
                            <param name="T" type="float"/>
                        </accessor>
                    </technique_common>
                </source>
                <vertices id="vertices2_VC">
                    <input semantic="POSITION" source="#points2_VC"/>
                </vertices>
                <polylist count="20" material="Material1">
                    <input offset="0" semantic="VERTEX" source="#vertices2_VC"/>
                    <input offset="1" semantic="TEXCOORD" source="#uvs2_VC" set="0"/>
                    <vcount>3 3 3 3 3 3 3 3 3 3 3 3 3 3 3 3 3 3 3 3</vcount>
                    <p>2 0 1 1 0 1 3 1 1 1 2 0 4 1 3 1 2 0 5 1 2 0 0 1 6 1 2 0 5 1 7 1 2 0 6 1 8 1 2 0 7 1 9 1 2 0 8 1 10 1 2 0 9 1 11 1 2 0 10 1 12 1 2 0 11 1 13 1 2 0 12 1 14 1 2 0 13 1 15 1 2 0 14 1 16 1 2 0 15 1 17 1 2 0 16 1 18 1 2 0 17 1 19 1 2 0 18 1 20 1 2 0 19 1 2 0 20 1 4 1</p>
                </polylist>
            </mesh>
        </geometry>
        <geometry id="mesh3">
            <mesh>
                <source id="points3">
                    <float_array id="pointarray3" count="432">94182.3359375 -10000 -2794.02294921875 90250 -10000 -27075 94182.3359375 2812.32373046875 -2794.02294921875 90250 2812.32373046875 -27075 80167.28125 -10000 -49510.859375 80167.28125 2812.32373046875 -49510.859375 64621.2890625 -10000 -68572.640625 64621.2890625 2812.32373046875 -68572.640625 44671.46875 -10000 -82961.296875 44671.46875 2812.32373046875 -82961.296875 21677.361328125 -10000 -91696.2890625 21677.361328125 2812.32373046875 -91696.2890625 -2794.02294921875 -10000 -94182.3359375 -2794.02294921875 2812.32373046875 -94182.3359375 -27075 -10000 -90250 -27075 2812.32373046875 -90250 -49510.859375 -10000 -80167.28125 -49510.859375 2812.32373046875 -80167.28125 -68572.640625 -10000 -64621.2890625 -68572.640625 2812.32373046875 -64621.2890625 -82961.296875 -10000 -44671.46875 -82961.296875 2812.32373046875 -44671.46875 -91696.2890625 -10000 -21677.361328125 -91696.2890625 2812.32373046875 -21677.361328125 -94182.3359375 -10000 2794.02294921875 -94182.3359375 2812.32373046875 2794.02294921875 -90250 -10000 27075 -90250 2812.32373046875 27075 -80167.28125 -10000 49510.859375 -80167.28125 2812.32373046875 49510.859375 -64621.2890625 -10000 68572.640625 -64621.2890625 2812.32373046875 68572.640625 -44671.46875 -10000 82961.296875 -44671.46875 2812.32373046875 82961.296875 -21677.361328125 -10000 91696.2890625 -21677.361328125 2812.32373046875 91696.2890625 91696.2890625 2812.32373046875 21677.361328125 91696.2890625 -10000 21677.361328125 82961.296875 2812.32373046875 44671.46875 82961.296875 -10000 44671.46875 68572.640625 2812.32373046875 64621.2890625 68572.640625 -10000 64621.2890625 49510.859375 2812.32373046875 80167.28125 49510.859375 -10000 80167.28125 27075 2812.32373046875 90250 27075 -10000 90250 2794.02294921875 2812.32373046875 94182.3359375 2794.02294921875 -10000 94182.3359375 -87327.6875 6858.32080078125 -47022.6015625 -72181.7265625 6858.32080078125 -68022.4140625 -87327.6875 -10000 -47022.6015625 -72181.7265625 -10000 -68022.4140625 -52116.6953125 6858.32080078125 -84386.609375 -52116.6953125 -10000 -84386.609375 -28500 6858.32080078125 -95000 -28500 -10000 -95000 -2941.07666015625 6858.32080078125 -99139.296875 -2941.07666015625 -10000 -99139.296875 22818.27734375 6858.32080078125 -96522.4140625 22818.27734375 -10000 -96522.4140625 47022.6015625 6858.32080078125 -87327.6875 47022.6015625 -10000 -87327.6875 68022.4140625 6858.32080078125 -72181.7265625 68022.4140625 -10000 -72181.7265625 84386.609375 6858.32080078125 -52116.6953125 84386.609375 -10000 -52116.6953125 95000 6858.32080078125 -28500 95000 -10000 -28500 99139.296875 6858.32080078125 -2941.07666015625 99139.296875 -10000 -2941.07666015625 96522.4140625 6858.32080078125 22818.27734375 96522.4140625 -10000 22818.27734375 87327.6875 6858.32080078125 47022.6015625 87327.6875 -10000 47022.6015625 72181.7265625 6858.32080078125 68022.4140625 72181.7265625 -10000 68022.4140625 52116.6953125 6858.32080078125 84386.609375 52116.6953125 -10000 84386.609375 28500 6858.32080078125 95000 28500 -10000 95000 2941.07666015625 6858.32080078125 99139.296875 2941.07666015625 -10000 99139.296875 -22818.27734375 6858.32080078125 96522.4140625 -22818.27734375 -10000 96522.4140625 -96522.4140625 -10000 -22818.27734375 -96522.4140625 6858.32080078125 -22818.27734375 -99139.296875 -10000 2941.07666015625 -99139.296875 6858.32080078125 2941.07666015625 -95000 -10000 28500 -95000 6858.32080078125 28500 -84386.609375 -10000 52116.6953125 -84386.609375 6858.32080078125 52116.6953125 -68022.4140625 -10000 72181.7265625 -68022.4140625 6858.32080078125 72181.7265625 -47022.6015625 -10000 87327.6875 -47022.6015625 6858.32080078125 87327.6875 104357.15625 -10000 -3095.870361328125 100000 -10000 -30000 104357.15625 12182.001953125 -3095.870361328125 100000 12182.001953125 -30000 88828.0078125 -10000 -54859.6796875 88828.0078125 12182.001953125 -54859.6796875 71602.5390625 -10000 -75980.765625 71602.5390625 12182.001953125 -75980.765625 49497.4765625 -10000 -91923.875 49497.4765625 12182.001953125 -91923.875 24019.23828125 -10000 -101602.5390625 24019.23828125 12182.001953125 -101602.5390625 -3095.870361328125 -10000 -104357.15625 -3095.870361328125 12182.001953125 -104357.15625 -30000 -10000 -100000 -30000 12182.001953125 -100000 101602.5390625 12182.001953125 24019.23828125 101602.5390625 -10000 24019.23828125 91923.875 12182.001953125 49497.4765625 91923.875 -10000 49497.4765625 75980.765625 12182.001953125 71602.5390625 75980.765625 -10000 71602.5390625 54859.6796875 12182.001953125 88828.0078125 54859.6796875 -10000 88828.0078125 30000 12182.001953125 100000 30000 -10000 100000 3095.870361328125 12182.001953125 104357.15625 3095.870361328125 -10000 104357.15625 -24019.23828125 12182.001953125 101602.5390625 -24019.23828125 -10000 101602.5390625 -49497.4765625 12182.001953125 91923.875 -49497.4765625 -10000 91923.875 -71602.5390625 12182.001953125 75980.765625 -71602.5390625 -10000 75980.765625 -88828.0078125 12182.001953125 54859.6796875 -88828.0078125 -10000 54859.6796875 -100000 12182.001953125 30000 -100000 -10000 30000 -104357.15625 12182.001953125 3095.870361328125 -104357.15625 -10000 3095.870361328125 -101602.5390625 12182.001953125 -24019.23828125 -101602.5390625 -10000 -24019.23828125 -91923.875 12182.001953125 -49497.4765625 -91923.875 -10000 -49497.4765625 -75980.765625 12182.001953125 -71602.5390625 -75980.765625 -10000 -71602.5390625 -54859.6796875 12182.001953125 -88828.0078125 -54859.6796875 -10000 -88828.0078125</float_array>
                    <technique_common>
                        <accessor count="144" source="#pointarray3" stride="3">
                            <param name="X" type="float"/>
                            <param name="Y" type="float"/>
                            <param name="Z" type="float"/>
                        </accessor>
                    </technique_common>
                </source>
                <source id="uvs3">
                    <float_array id="uvarray3" count="200">0.0078125 0 0.08984375 0 0.0078125 1.01171875 0.08984375 1.01171875 0.17578125 0 0.17578125 1.01171875 0.2578125 0 0.2578125 1.01171875 0.33984375 0 0.33984375 1.01171875 0.42578125 0 0.42578125 1.01171875 0.5078125 0 0.5078125 1.01171875 0.58984375 0 0.58984375 1.01171875 0.67578125 0 0.67578125 1.01171875 0.7578125 0 0.7578125 1.01171875 0.83984375 0 0.83984375 1.01171875 0.92578125 0 0.92578125 1.01171875 1.0078125 0 1.0078125 1.01171875 1.08984375 0 1.08984375 1.01171875 1.17578125 0 1.17578125 1.01171875 1.2578125 0 1.2578125 1.01171875 1.33984375 0 1.33984375 1.01171875 1.42578125 0 1.42578125 1.01171875 2.0078125 1.01171875 1.92578125 1.01171875 2.0078125 0 1.92578125 0 1.83984375 1.01171875 1.83984375 0 1.7578125 1.01171875 1.7578125 0 1.67578125 1.01171875 1.67578125 0 1.58984375 1.01171875 1.58984375 0 1.5078125 1.01171875 1.5078125 0 1.00390625 1 0.9609375 1 1.00390625 0 0.9609375 0 0.91796875 1 0.91796875 0 0.87890625 1 0.87890625 0 0.8359375 1 0.8359375 0 0.79296875 1 0.79296875 0 0.75390625 1 0.75390625 0 0.7109375 1 0.7109375 0 0.66796875 1 0.66796875 0 0.62890625 1 0.62890625 0 0.5859375 1 0.5859375 0 0.54296875 1 0.54296875 0 0.50390625 1 0.50390625 0 0.4609375 1 0.4609375 0 0.41796875 1 0.41796875 0 0.37890625 1 0.37890625 0 0.3359375 1 0.3359375 0 0.29296875 1 0.29296875 0 0.00390625 0 0.04296875 0 0.00390625 1 0.04296875 1 0.0859375 0 0.0859375 1 0.12890625 0 0.12890625 1 0.16796875 0 0.16796875 1 0.2109375 0 0.2109375 1 0.25390625 0 0.25390625 1</float_array>
                    <technique_common>
                        <accessor count="1" source="#uvarray3" stride="2">
                            <param name="S" type="float"/>
                            <param name="T" type="float"/>
                        </accessor>
                    </technique_common>
                </source>
                <vertices id="vertices3">
                    <input semantic="POSITION" source="#points3"/>
                </vertices>
                <polylist count="144" material="Material1">
                    <input offset="0" semantic="VERTEX" source="#vertices3"/>
                    <input offset="1" semantic="TEXCOORD" source="#uvs3" set="0"/>
                    <vcount>3 3 3 3 3 3 3 3 3 3 3 3 3 3 3 3 3 3 3 3 3 3 3 3 3 3 3 3 3 3 3 3 3 3 3 3 3 3 3 3 3 3 3 3 3 3 3 3 3 3 3 3 3 3 3 3 3 3 3 3 3 3 3 3 3 3 3 3 3 3 3 3 3 3 3 3 3 3 3 3 3 3 3 3 3 3 3 3 3 3 3 3 3 3 3 3 3 3 3 3 3 3 3 3 3 3 3 3 3 3 3 3 3 3 3 3 3 3 3 3 3 3 3 3 3 3 3 3 3 3 3 3 3 3 3 3 3 3 3 3 3 3 3 3</vcount>
                    <p>2 2 1 1 0 0 3 3 1 1 2 2 3 3 4 4 1 1 5 5 4 4 3 3 5 5 6 6 4 4 7 7 6 6 5 5 7 7 8 8 6 6 9 9 8 8 7 7 9 9 10 10 8 8 11 11 10 10 9 9 11 11 12 12 10 10 13 13 12 12 11 11 13 13 14 14 12 12 15 15 14 14 13 13 15 15 16 16 14 14 17 17 16 16 15 15 17 17 18 18 16 16 19 19 18 18 17 17 19 19 20 20 18 18 21 21 20 20 19 19 21 21 22 22 20 20 23 23 22 22 21 21 23 23 24 24 22 22 25 25 24 24 23 23 25 25 26 26 24 24 27 27 26 26 25 25 27 27 28 28 26 26 29 29 28 28 27 27 29 29 30 30 28 28 31 31 30 30 29 29 31 31 32 32 30 30 33 33 32 32 31 31 33 33 34 34 32 32 35 35 34 34 33 33 0 38 36 37 2 36 37 39 36 37 0 38 37 39 38 40 36 37 39 41 38 40 37 39 39 41 40 42 38 40 41 43 40 42 39 41 41 43 42 44 40 42 43 45 42 44 41 43 43 45 44 46 42 44 45 47 44 46 43 45 45 47 46 48 44 46 47 49 46 48 45 47 35 35 47 49 34 34 46 48 47 49 35 35 50 52 49 51 48 50 51 53 49 51 50 52 51 53 52 54 49 51 53 55 52 54 51 53 53 55 54 56 52 54 55 57 54 56 53 55 55 57 56 58 54 56 57 59 56 58 55 57 57 59 58 60 56 58 59 61 58 60 57 59 59 61 60 62 58 60 61 63 60 62 59 61 61 63 62 64 60 62 63 65 62 64 61 63 63 65 64 66 62 64 65 67 64 66 63 65 65 67 66 68 64 66 67 69 66 68 65 67 67 69 68 70 66 68 69 71 68 70 67 69 69 71 70 72 68 70 71 73 70 72 69 71 71 73 72 74 70 72 73 75 72 74 71 73 73 75 74 76 72 74 75 77 74 76 73 75 75 77 76 78 74 76 77 79 76 78 75 77 77 79 78 80 76 78 79 81 78 80 77 79 79 81 80 82 78 80 81 83 80 82 79 81 81 83 82 84 80 82 83 85 82 84 81 83 48 88 84 87 50 86 85 89 84 87 48 88 85 89 86 90 84 87 87 91 86 90 85 89 87 91 88 92 86 90 89 93 88 92 87 91 89 93 90 94 88 92 91 95 90 94 89 93 91 95 92 96 90 94 93 97 92 96 91 95 93 97 94 98 92 96 95 99 94 98 93 97 95 99 83 85 94 98 82 84 83 85 95 99 98 88 97 87 96 86 99 89 97 87 98 88 99 89 100 90 97 87 101 91 100 90 99 89 101 91 102 92 100 90 103 93 102 92 101 91 103 93 104 94 102 92 105 95 104 94 103 93 105 95 106 96 104 94 107 97 106 96 105 95 107 97 108 98 106 96 109 99 108 98 107 97 109 99 110 85 108 98 111 84 110 85 109 99 96 52 112 51 98 50 113 53 112 51 96 52 113 53 114 54 112 51 115 55 114 54 113 53 115 55 116 56 114 54 117 57 116 56 115 55 117 57 118 58 116 56 119 59 118 58 117 57 119 59 120 60 118 58 121 61 120 60 119 59 121 61 122 62 120 60 123 63 122 62 121 61 123 63 124 64 122 62 125 65 124 64 123 63 125 65 126 66 124 64 127 67 126 66 125 65 127 67 128 68 126 66 129 69 128 68 127 67 129 69 130 70 128 68 131 71 130 70 129 69 131 71 132 72 130 70 133 73 132 72 131 71 133 73 134 74 132 72 135 75 134 74 133 73 135 75 136 76 134 74 137 77 136 76 135 75 137 77 138 78 136 76 139 79 138 78 137 77 139 79 140 80 138 78 141 81 140 80 139 79 141 81 142 82 140 80 143 83 142 82 141 81 111 84 143 83 110 85 142 82 143 83 111 84</p>
                </polylist>
            </mesh>
        </geometry>
        <geometry id="mesh3_VC">
            <mesh>
                <source id="points3_VC">
                    <float_array id="pointarray3_VC" count="432">94182.3359375 -10000 -2794.02294921875 90250 -10000 -27075 94182.3359375 2812.32373046875 -2794.02294921875 90250 2812.32373046875 -27075 80167.28125 -10000 -49510.859375 80167.28125 2812.32373046875 -49510.859375 64621.2890625 -10000 -68572.640625 64621.2890625 2812.32373046875 -68572.640625 44671.46875 -10000 -82961.296875 44671.46875 2812.32373046875 -82961.296875 21677.361328125 -10000 -91696.2890625 21677.361328125 2812.32373046875 -91696.2890625 -2794.02294921875 -10000 -94182.3359375 -2794.02294921875 2812.32373046875 -94182.3359375 -27075 -10000 -90250 -27075 2812.32373046875 -90250 -49510.859375 -10000 -80167.28125 -49510.859375 2812.32373046875 -80167.28125 -68572.640625 -10000 -64621.2890625 -68572.640625 2812.32373046875 -64621.2890625 -82961.296875 -10000 -44671.46875 -82961.296875 2812.32373046875 -44671.46875 -91696.2890625 -10000 -21677.361328125 -91696.2890625 2812.32373046875 -21677.361328125 -94182.3359375 -10000 2794.02294921875 -94182.3359375 2812.32373046875 2794.02294921875 -90250 -10000 27075 -90250 2812.32373046875 27075 -80167.28125 -10000 49510.859375 -80167.28125 2812.32373046875 49510.859375 -64621.2890625 -10000 68572.640625 -64621.2890625 2812.32373046875 68572.640625 -44671.46875 -10000 82961.296875 -44671.46875 2812.32373046875 82961.296875 -21677.361328125 -10000 91696.2890625 -21677.361328125 2812.32373046875 91696.2890625 91696.2890625 2812.32373046875 21677.361328125 91696.2890625 -10000 21677.361328125 82961.296875 2812.32373046875 44671.46875 82961.296875 -10000 44671.46875 68572.640625 2812.32373046875 64621.2890625 68572.640625 -10000 64621.2890625 49510.859375 2812.32373046875 80167.28125 49510.859375 -10000 80167.28125 27075 2812.32373046875 90250 27075 -10000 90250 2794.02294921875 2812.32373046875 94182.3359375 2794.02294921875 -10000 94182.3359375 -87327.6875 6858.32080078125 -47022.6015625 -72181.7265625 6858.32080078125 -68022.4140625 -87327.6875 -10000 -47022.6015625 -72181.7265625 -10000 -68022.4140625 -52116.6953125 6858.32080078125 -84386.609375 -52116.6953125 -10000 -84386.609375 -28500 6858.32080078125 -95000 -28500 -10000 -95000 -2941.07666015625 6858.32080078125 -99139.296875 -2941.07666015625 -10000 -99139.296875 22818.27734375 6858.32080078125 -96522.4140625 22818.27734375 -10000 -96522.4140625 47022.6015625 6858.32080078125 -87327.6875 47022.6015625 -10000 -87327.6875 68022.4140625 6858.32080078125 -72181.7265625 68022.4140625 -10000 -72181.7265625 84386.609375 6858.32080078125 -52116.6953125 84386.609375 -10000 -52116.6953125 95000 6858.32080078125 -28500 95000 -10000 -28500 99139.296875 6858.32080078125 -2941.07666015625 99139.296875 -10000 -2941.07666015625 96522.4140625 6858.32080078125 22818.27734375 96522.4140625 -10000 22818.27734375 87327.6875 6858.32080078125 47022.6015625 87327.6875 -10000 47022.6015625 72181.7265625 6858.32080078125 68022.4140625 72181.7265625 -10000 68022.4140625 52116.6953125 6858.32080078125 84386.609375 52116.6953125 -10000 84386.609375 28500 6858.32080078125 95000 28500 -10000 95000 2941.07666015625 6858.32080078125 99139.296875 2941.07666015625 -10000 99139.296875 -22818.27734375 6858.32080078125 96522.4140625 -22818.27734375 -10000 96522.4140625 -96522.4140625 -10000 -22818.27734375 -96522.4140625 6858.32080078125 -22818.27734375 -99139.296875 -10000 2941.07666015625 -99139.296875 6858.32080078125 2941.07666015625 -95000 -10000 28500 -95000 6858.32080078125 28500 -84386.609375 -10000 52116.6953125 -84386.609375 6858.32080078125 52116.6953125 -68022.4140625 -10000 72181.7265625 -68022.4140625 6858.32080078125 72181.7265625 -47022.6015625 -10000 87327.6875 -47022.6015625 6858.32080078125 87327.6875 104357.15625 -10000 -3095.870361328125 100000 -10000 -30000 104357.15625 12182.001953125 -3095.870361328125 100000 12182.001953125 -30000 88828.0078125 -10000 -54859.6796875 88828.0078125 12182.001953125 -54859.6796875 71602.5390625 -10000 -75980.765625 71602.5390625 12182.001953125 -75980.765625 49497.4765625 -10000 -91923.875 49497.4765625 12182.001953125 -91923.875 24019.23828125 -10000 -101602.5390625 24019.23828125 12182.001953125 -101602.5390625 -3095.870361328125 -10000 -104357.15625 -3095.870361328125 12182.001953125 -104357.15625 -30000 -10000 -100000 -30000 12182.001953125 -100000 101602.5390625 12182.001953125 24019.23828125 101602.5390625 -10000 24019.23828125 91923.875 12182.001953125 49497.4765625 91923.875 -10000 49497.4765625 75980.765625 12182.001953125 71602.5390625 75980.765625 -10000 71602.5390625 54859.6796875 12182.001953125 88828.0078125 54859.6796875 -10000 88828.0078125 30000 12182.001953125 100000 30000 -10000 100000 3095.870361328125 12182.001953125 104357.15625 3095.870361328125 -10000 104357.15625 -24019.23828125 12182.001953125 101602.5390625 -24019.23828125 -10000 101602.5390625 -49497.4765625 12182.001953125 91923.875 -49497.4765625 -10000 91923.875 -71602.5390625 12182.001953125 75980.765625 -71602.5390625 -10000 75980.765625 -88828.0078125 12182.001953125 54859.6796875 -88828.0078125 -10000 54859.6796875 -100000 12182.001953125 30000 -100000 -10000 30000 -104357.15625 12182.001953125 3095.870361328125 -104357.15625 -10000 3095.870361328125 -101602.5390625 12182.001953125 -24019.23828125 -101602.5390625 -10000 -24019.23828125 -91923.875 12182.001953125 -49497.4765625 -91923.875 -10000 -49497.4765625 -75980.765625 12182.001953125 -71602.5390625 -75980.765625 -10000 -71602.5390625 -54859.6796875 12182.001953125 -88828.0078125 -54859.6796875 -10000 -88828.0078125</float_array>
                    <technique_common>
                        <accessor count="144" source="#pointarray3_VC" stride="3">
                            <param name="X" type="float"/>
                            <param name="Y" type="float"/>
                            <param name="Z" type="float"/>
                        </accessor>
                    </technique_common>
                </source>
                <source id="uvs3_VC">
                    <float_array id="uvarray3_VC" count="24">0.6533203125 0.6653645833333333 0.6533203125 0.6263020833333333 0.6611328125 0.6653645833333333 0.6611328125 0.6471354166666667 0.6455078125 0.6653645833333333 0.6455078125 0.5846354166666667 0.6572265625 0.6653645833333333 0.6572265625 0.6263020833333333 0.6650390625 0.6653645833333333 0.6650390625 0.6471354166666667 0.6494140625 0.6653645833333333 0.6494140625 0.5846354166666667</float_array>
                    <technique_common>
                        <accessor count="1" source="#uvarray3_VC" stride="2">
                            <param name="S" type="float"/>
                            <param name="T" type="float"/>
                        </accessor>
                    </technique_common>
                </source>
                <vertices id="vertices3_VC">
                    <input semantic="POSITION" source="#points3_VC"/>
                </vertices>
                <polylist count="144" material="Material1">
                    <input offset="0" semantic="VERTEX" source="#vertices3_VC"/>
                    <input offset="1" semantic="TEXCOORD" source="#uvs3_VC" set="0"/>
                    <vcount>3 3 3 3 3 3 3 3 3 3 3 3 3 3 3 3 3 3 3 3 3 3 3 3 3 3 3 3 3 3 3 3 3 3 3 3 3 3 3 3 3 3 3 3 3 3 3 3 3 3 3 3 3 3 3 3 3 3 3 3 3 3 3 3 3 3 3 3 3 3 3 3 3 3 3 3 3 3 3 3 3 3 3 3 3 3 3 3 3 3 3 3 3 3 3 3 3 3 3 3 3 3 3 3 3 3 3 3 3 3 3 3 3 3 3 3 3 3 3 3 3 3 3 3 3 3 3 3 3 3 3 3 3 3 3 3 3 3 3 3 3 3 3 3</vcount>
                    <p>2 0 1 1 0 0 3 1 1 1 2 0 3 1 4 1 1 1 5 1 4 1 3 1 5 1 6 1 4 1 7 1 6 1 5 1 7 1 8 1 6 1 9 1 8 1 7 1 9 1 10 1 8 1 11 1 10 1 9 1 11 1 12 1 10 1 13 1 12 1 11 1 13 1 14 1 12 1 15 1 14 1 13 1 15 1 16 1 14 1 17 1 16 1 15 1 17 1 18 1 16 1 19 1 18 1 17 1 19 1 20 1 18 1 21 1 20 1 19 1 21 1 22 1 20 1 23 1 22 1 21 1 23 1 24 0 22 1 25 0 24 0 23 1 25 2 26 3 24 2 27 3 26 3 25 2 27 4 28 5 26 4 29 5 28 5 27 4 29 6 30 7 28 6 31 7 30 7 29 6 31 8 32 9 30 8 33 9 32 9 31 8 33 10 34 11 32 10 35 11 34 11 33 10 0 2 36 3 2 2 37 3 36 3 0 2 37 4 38 5 36 4 39 5 38 5 37 4 39 6 40 7 38 6 41 7 40 7 39 6 41 8 42 9 40 8 43 9 42 9 41 8 43 10 44 11 42 10 45 11 44 11 43 10 45 11 46 11 44 11 47 11 46 11 45 11 35 11 47 11 34 11 46 11 47 11 35 11 50 1 49 1 48 1 51 1 49 1 50 1 51 1 52 1 49 1 53 1 52 1 51 1 53 1 54 1 52 1 55 1 54 1 53 1 55 1 56 1 54 1 57 1 56 1 55 1 57 1 58 1 56 1 59 1 58 1 57 1 59 1 60 1 58 1 61 1 60 1 59 1 61 1 62 1 60 1 63 1 62 1 61 1 63 1 64 1 62 1 65 1 64 1 63 1 65 1 66 1 64 1 67 1 66 1 65 1 67 1 68 0 66 1 69 0 68 0 67 1 69 2 70 3 68 2 71 3 70 3 69 2 71 4 72 5 70 4 73 5 72 5 71 4 73 6 74 7 72 6 75 7 74 7 73 6 75 8 76 9 74 8 77 9 76 9 75 8 77 10 78 11 76 10 79 11 78 11 77 10 79 11 80 11 78 11 81 11 80 11 79 11 81 11 82 11 80 11 83 11 82 11 81 11 48 1 84 1 50 1 85 1 84 1 48 1 85 1 86 0 84 1 87 0 86 0 85 1 87 2 88 3 86 2 89 3 88 3 87 2 89 4 90 5 88 4 91 5 90 5 89 4 91 6 92 7 90 6 93 7 92 7 91 6 93 8 94 9 92 8 95 9 94 9 93 8 95 10 83 11 94 10 82 11 83 11 95 10 98 0 97 1 96 0 99 1 97 1 98 0 99 1 100 1 97 1 101 1 100 1 99 1 101 1 102 1 100 1 103 1 102 1 101 1 103 1 104 1 102 1 105 1 104 1 103 1 105 1 106 1 104 1 107 1 106 1 105 1 107 1 108 1 106 1 109 1 108 1 107 1 109 1 110 1 108 1 111 1 110 1 109 1 96 2 112 3 98 2 113 3 112 3 96 2 113 4 114 5 112 4 115 5 114 5 113 4 115 6 116 7 114 6 117 7 116 7 115 6 117 8 118 9 116 8 119 9 118 9 117 8 119 10 120 11 118 10 121 11 120 11 119 10 121 11 122 11 120 11 123 11 122 11 121 11 123 11 124 11 122 11 125 11 124 11 123 11 125 11 126 10 124 11 127 10 126 10 125 11 127 9 128 8 126 9 129 8 128 8 127 9 129 7 130 6 128 7 131 6 130 6 129 7 131 5 132 4 130 5 133 4 132 4 131 5 133 3 134 2 132 3 135 2 134 2 133 3 135 0 136 1 134 0 137 1 136 1 135 0 137 1 138 1 136 1 139 1 138 1 137 1 139 1 140 1 138 1 141 1 140 1 139 1 141 1 142 1 140 1 143 1 142 1 141 1 111 1 143 1 110 1 142 1 143 1 111 1</p>
                </polylist>
            </mesh>
        </geometry>
        <geometry id="mesh4">
            <mesh>
                <source id="points4">
                    <float_array id="pointarray4" count="690">-13230.0283203125 78891.9453125 -4815.33642578125 -26134.2890625 75595.0859375 -9512.103515625 -13865.208984375 78891.9453125 -2444.810302734375 -27389.0078125 75595.0859375 -4829.42138671875 -14079.1015625 78891.9453125 0 -27811.52734375 75595.0859375 0 -13865.208984375 78891.9453125 2444.810302734375 -27389.0078125 75595.0859375 4829.42138671875 -13230.0283203125 78891.9453125 4815.33642578125 -26134.2890625 75595.0859375 9512.103515625 -12192.8603515625 78891.9453125 7039.55078125 -24085.490234375 75595.0859375 13905.763671875 -10785.216796875 78891.9453125 9049.8720703125 -21304.8671875 75595.0859375 17876.90625 -9049.8720703125 78891.9453125 10785.216796875 -17876.90625 75595.0859375 21304.8671875 -7039.55078125 78891.9453125 12192.8603515625 -13905.763671875 75595.0859375 24085.490234375 -4815.33642578125 78891.9453125 13230.0283203125 -9512.103515625 75595.0859375 26134.2890625 -2444.810302734375 78891.9453125 13865.208984375 -4829.42138671875 75595.0859375 27389.0078125 0 78891.9453125 14079.1015625 0 75595.0859375 27811.52734375 2444.810302734375 78891.9453125 13865.208984375 4829.42138671875 75595.0859375 27389.0078125 4815.33642578125 78891.9453125 13230.0283203125 9512.103515625 75595.0859375 26134.2890625 7039.55078125 78891.9453125 12192.8603515625 13905.763671875 75595.0859375 24085.490234375 9049.8720703125 78891.9453125 10785.216796875 17876.90625 75595.0859375 21304.8671875 10785.216796875 78891.9453125 9049.8720703125 21304.8671875 75595.0859375 17876.90625 12192.8603515625 78891.9453125 7039.55078125 24085.490234375 75595.0859375 13905.763671875 13230.0283203125 78891.9453125 4815.33642578125 26134.2890625 75595.0859375 9512.103515625 13865.208984375 78891.9453125 2444.810302734375 27389.0078125 75595.0859375 4829.42138671875 14079.1015625 78891.9453125 0 27811.52734375 75595.0859375 0 13865.208984375 78891.9453125 -2444.810302734375 27389.0078125 75595.0859375 -4829.42138671875 -38395.03515625 70190.5859375 -13974.650390625 -40238.40234375 70190.5859375 -7095.1162109375 -40859.14453125 70190.5859375 0 -40238.40234375 70190.5859375 7095.1162109375 -38395.03515625 70190.5859375 13974.650390625 -35385.05859375 70190.5859375 20429.572265625 -31299.921875 70190.5859375 26263.751953125 -26263.751953125 70190.5859375 31299.921875 -20429.572265625 70190.5859375 35385.05859375 -13974.650390625 70190.5859375 38395.03515625 -7095.1162109375 70190.5859375 40238.40234375 0 70190.5859375 40859.14453125 7095.1162109375 70190.5859375 40238.40234375 13974.650390625 70190.5859375 38395.03515625 20429.572265625 70190.5859375 35385.05859375 26263.751953125 70190.5859375 31299.921875 31299.921875 70190.5859375 26263.751953125 35385.05859375 70190.5859375 20429.572265625 38395.03515625 70190.5859375 13974.650390625 40238.40234375 70190.5859375 7095.1162109375 40859.14453125 70190.5859375 0 40238.40234375 70190.5859375 -7095.1162109375 -49710.37109375 62811.52734375 -18093.095703125 -52096.9921875 62811.52734375 -9186.10546875 -52900.671875 62811.52734375 0 -52096.9921875 62811.52734375 9186.10546875 -49710.37109375 62811.52734375 18093.095703125 -45813.32421875 62811.52734375 26450.3359375 -40524.265625 62811.52734375 34003.8984375 -34003.8984375 62811.52734375 40524.265625 -26450.3359375 62811.52734375 45813.32421875 -18093.095703125 62811.52734375 49710.37109375 -9186.10546875 62811.52734375 52096.9921875 0 62811.52734375 52900.671875 9186.10546875 62811.52734375 52096.9921875 18093.095703125 62811.52734375 49710.37109375 26450.3359375 62811.52734375 45813.32421875 34003.8984375 62811.52734375 40524.265625 40524.265625 62811.52734375 34003.8984375 45813.32421875 62811.52734375 26450.3359375 49710.37109375 62811.52734375 18093.095703125 52096.9921875 62811.52734375 9186.10546875 52900.671875 62811.52734375 0 52096.9921875 62811.52734375 -9186.10546875 -59801.671875 53639.609375 -21766.02734375 -62672.78125 53639.609375 -11050.90234375 -63639.609375 53639.609375 0 -62672.78125 53639.609375 11050.90234375 -59801.671875 53639.609375 21766.02734375 -55113.51953125 53639.609375 31819.8046875 -48750.7734375 53639.609375 40906.75390625 -40906.75390625 53639.609375 48750.7734375 -31819.8046875 53639.609375 55113.51953125 -21766.02734375 53639.609375 59801.671875 -11050.90234375 53639.609375 62672.78125 0 53639.609375 63639.609375 11050.90234375 53639.609375 62672.78125 21766.02734375 53639.609375 59801.671875 31819.8046875 53639.609375 55113.51953125 40906.75390625 53639.609375 48750.7734375 48750.7734375 53639.609375 40906.75390625 55113.51953125 53639.609375 31819.8046875 59801.671875 53639.609375 21766.02734375 62672.78125 53639.609375 11050.90234375 63639.609375 53639.609375 0 62672.78125 53639.609375 -11050.90234375 -68420.4609375 42900.671875 -24903.009765625 -71705.359375 42900.671875 -12643.5888671875 -72811.53125 42900.671875 0 -71705.359375 42900.671875 12643.5888671875 -68420.4609375 42900.671875 24903.009765625 -63056.63671875 42900.671875 36405.765625 -55776.8671875 42900.671875 46802.34765625 -46802.34765625 42900.671875 55776.8671875 -36405.765625 42900.671875 63056.63671875 -24903.009765625 42900.671875 68420.4609375 -12643.5888671875 42900.671875 71705.359375 0 42900.671875 72811.53125 12643.5888671875 42900.671875 71705.359375 24903.009765625 42900.671875 68420.4609375 36405.765625 42900.671875 63056.63671875 46802.34765625 42900.671875 55776.8671875 55776.8671875 42900.671875 46802.34765625 63056.63671875 42900.671875 36405.765625 68420.4609375 42900.671875 24903.009765625 71705.359375 42900.671875 12643.5888671875 72811.53125 42900.671875 0 71705.359375 42900.671875 -12643.5888671875 -75354.5 30859.14453125 -27426.796875 -78972.3125 30859.14453125 -13924.94921875 -80190.5859375 30859.14453125 0 -78972.3125 30859.14453125 13924.94921875 -75354.5 30859.14453125 27426.796875 -69447.0859375 30859.14453125 40095.29296875 -61429.5546875 30859.14453125 51545.515625 -51545.515625 30859.14453125 61429.5546875 -40095.29296875 30859.14453125 69447.0859375 -27426.796875 30859.14453125 75354.5 -13924.94921875 30859.14453125 78972.3125 0 30859.14453125 80190.5859375 13924.94921875 30859.14453125 78972.3125 27426.796875 30859.14453125 75354.5 40095.29296875 30859.14453125 69447.0859375 51545.515625 30859.14453125 61429.5546875 61429.5546875 30859.14453125 51545.515625 69447.0859375 30859.14453125 40095.29296875 75354.5 30859.14453125 27426.796875 78972.3125 30859.14453125 13924.94921875 80190.5859375 30859.14453125 0 78972.3125 30859.14453125 -13924.94921875 -80433.0703125 17811.529296875 -29275.244140625 -84294.703125 17811.529296875 -14863.4296875 -85595.0859375 17811.529296875 0 -84294.703125 17811.529296875 14863.4296875 -80433.0703125 17811.529296875 29275.244140625 -74127.515625 17811.529296875 42797.54296875 -65569.640625 17811.529296875 55019.4609375 -55019.4609375 17811.529296875 65569.640625 -42797.54296875 17811.529296875 74127.515625 -29275.244140625 17811.529296875 80433.0703125 -14863.4296875 17811.529296875 84294.703125 0 17811.529296875 85595.0859375 14863.4296875 17811.529296875 84294.703125 29275.244140625 17811.529296875 80433.0703125 42797.54296875 17811.529296875 74127.515625 55019.4609375 17811.529296875 65569.640625 65569.640625 17811.529296875 55019.4609375 74127.515625 17811.529296875 42797.54296875 80433.0703125 17811.529296875 29275.244140625 84294.703125 17811.529296875 14863.4296875 85595.0859375 17811.529296875 0 84294.703125 17811.529296875 -14863.4296875 -83531.109375 4079.101806640625 -30402.8359375 -87541.484375 4079.101806640625 -15435.92578125 -88891.953125 4079.101806640625 0 -87541.484375 4079.101806640625 15435.92578125 -83531.109375 4079.101806640625 30402.8359375 -76982.6875 4079.101806640625 44445.9765625 -68095.1875 4079.101806640625 57138.640625 -57138.640625 4079.101806640625 68095.1875 -44445.9765625 4079.101806640625 76982.6875 -30402.8359375 4079.101806640625 83531.109375 -15435.92578125 4079.101806640625 87541.484375 0 4079.101806640625 88891.953125 15435.92578125 4079.101806640625 87541.484375 30402.8359375 4079.101806640625 83531.109375 44445.9765625 4079.101806640625 76982.6875 57138.640625 4079.101806640625 68095.1875 68095.1875 4079.101806640625 57138.640625 76982.6875 4079.101806640625 44445.9765625 83531.109375 4079.101806640625 30402.8359375 87541.484375 4079.101806640625 15435.92578125 88891.953125 4079.101806640625 0 87541.484375 4079.101806640625 -15435.92578125 -84572.3359375 -10000 -30781.814453125 -88632.6953125 -10000 -15628.3359375 -90000 -10000 0 -88632.6953125 -10000 15628.3359375 -84572.3359375 -10000 30781.814453125 -77942.28125 -10000 45000 -68944 -10000 57850.8828125 -57850.8828125 -10000 68944 -45000 -10000 77942.28125 -30781.814453125 -10000 84572.3359375 -15628.3359375 -10000 88632.6953125 0 -10000 90000 15628.3359375 -10000 88632.6953125 30781.814453125 -10000 84572.3359375 45000 -10000 77942.28125 57850.8828125 -10000 68944 68944 -10000 57850.8828125 77942.28125 -10000 45000 84572.3359375 -10000 30781.814453125 88632.6953125 -10000 15628.3359375 90000 -10000 0 88632.6953125 -10000 -15628.3359375 84572.3359375 -10000 -30781.814453125 83531.109375 4079.101806640625 -30402.8359375 80433.0703125 17811.529296875 -29275.244140625 75354.5 30859.14453125 -27426.796875 68420.4609375 42900.671875 -24903.009765625 59801.671875 53639.609375 -21766.02734375 49710.37109375 62811.52734375 -18093.095703125 38395.03515625 70190.5859375 -13974.650390625 26134.2890625 75595.0859375 -9512.103515625 13230.0283203125 78891.9453125 -4815.33642578125</float_array>
                    <technique_common>
                        <accessor count="230" source="#pointarray4" stride="3">
                            <param name="X" type="float"/>
                            <param name="Y" type="float"/>
                            <param name="Z" type="float"/>
                        </accessor>
                    </technique_common>
                </source>
                <source id="uvs4">
                    <float_array id="uvarray4" count="480">1.77734375 1.765625 1.77734375 1.37890625 1.88671875 1.765625 1.88671875 1.37890625 2 1.765625 2 1.37890625 2.109375 1.765625 2.109375 1.37890625 2.21875 1.765625 2.21875 1.37890625 2.33203125 1.765625 2.33203125 1.37890625 2.44140625 1.765625 2.44140625 1.37890625 2.5546875 1.765625 2.5546875 1.37890625 2.6640625 1.765625 2.6640625 1.37890625 2.77734375 1.765625 2.77734375 1.37890625 2.88671875 1.765625 2.88671875 1.37890625 3 1.765625 3 1.37890625 3.109375 1.765625 3.109375 1.37890625 3.21875 1.765625 3.21875 1.37890625 3.33203125 1.765625 3.33203125 1.37890625 3.44140625 1.765625 3.44140625 1.37890625 3.5546875 1.765625 3.5546875 1.37890625 3.6640625 1.765625 3.6640625 1.37890625 3.77734375 1.765625 3.77734375 1.37890625 3.88671875 1.765625 3.88671875 1.37890625 3.99609375 1.765625 3.99609375 1.37890625 4.109375 1.765625 4.109375 1.37890625 1.77734375 1.140625 1.88671875 1.140625 2 1.140625 2.109375 1.140625 2.21875 1.140625 2.33203125 1.140625 2.44140625 1.140625 2.5546875 1.140625 2.6640625 1.140625 2.77734375 1.140625 2.88671875 1.140625 3 1.140625 3.109375 1.140625 3.21875 1.140625 3.33203125 1.140625 3.44140625 1.140625 3.5546875 1.140625 3.6640625 1.140625 3.77734375 1.140625 3.88671875 1.140625 3.99609375 1.140625 4.109375 1.140625 1.77734375 0.921875 1.88671875 0.921875 2 0.921875 2.109375 0.921875 2.21875 0.91796875 2.33203125 0.91796875 2.44140625 0.91796875 2.5546875 0.91796875 2.6640625 0.91796875 2.77734375 0.91796875 2.88671875 0.91796875 3 0.91796875 3.109375 0.91796875 3.21875 0.91796875 3.33203125 0.91796875 3.44140625 0.91796875 3.5546875 0.91796875 3.6640625 0.91796875 3.77734375 0.91796875 3.88671875 0.921875 3.99609375 0.921875 4.109375 0.921875 1.77734375 0.78125 1.88671875 0.78125 2 0.78125 2.109375 0.78125 2.21875 0.78125 2.33203125 0.78125 2.44140625 0.78125 2.5546875 0.78125 2.6640625 0.78125 2.77734375 0.78125 2.88671875 0.78125 3 0.78125 3.109375 0.78125 3.21875 0.78125 3.33203125 0.78125 3.44140625 0.78125 3.5546875 0.78125 3.6640625 0.78125 3.77734375 0.78125 3.88671875 0.78125 3.99609375 0.78125 4.109375 0.78125 1.77734375 0.640625 1.88671875 0.640625 2 0.640625 2.109375 0.640625 2.21875 0.640625 2.33203125 0.640625 2.44140625 0.640625 2.5546875 0.640625 2.6640625 0.640625 2.77734375 0.640625 2.88671875 0.640625 3 0.640625 3.109375 0.640625 3.21875 0.640625 3.33203125 0.640625 3.44140625 0.640625 3.5546875 0.640625 3.6640625 0.640625 3.77734375 0.640625 3.88671875 0.640625 3.99609375 0.640625 4.109375 0.640625 1.77734375 0.49609375 1.88671875 0.49609375 2 0.49609375 2.109375 0.49609375 2.21875 0.49609375 2.33203125 0.49609375 2.44140625 0.49609375 2.5546875 0.49609375 2.6640625 0.49609375 2.77734375 0.49609375 2.88671875 0.49609375 3 0.49609375 3.109375 0.49609375 3.21875 0.49609375 3.33203125 0.49609375 3.44140625 0.49609375 3.5546875 0.49609375 3.6640625 0.49609375 3.77734375 0.49609375 3.88671875 0.49609375 3.99609375 0.49609375 4.109375 0.49609375 1.77734375 0.37109375 1.88671875 0.37109375 2 0.37109375 2.109375 0.37109375 2.21875 0.37109375 2.33203125 0.37109375 2.44140625 0.37109375 2.5546875 0.37109375 2.6640625 0.37109375 2.77734375 0.37109375 2.88671875 0.37109375 3 0.37109375 3.109375 0.37109375 3.21875 0.37109375 3.33203125 0.37109375 3.44140625 0.37109375 3.5546875 0.37109375 3.6640625 0.37109375 3.77734375 0.37109375 3.88671875 0.37109375 3.99609375 0.37109375 4.109375 0.37109375 1.77734375 0.26171875 1.88671875 0.26171875 2 0.26171875 2.109375 0.26171875 2.21875 0.26171875 2.33203125 0.26171875 2.44140625 0.26171875 2.5546875 0.26171875 2.6640625 0.26171875 2.77734375 0.26171875 2.88671875 0.26171875 3 0.26171875 3.109375 0.26171875 3.21875 0.26171875 3.33203125 0.26171875 3.44140625 0.26171875 3.5546875 0.26171875 3.6640625 0.26171875 3.77734375 0.26171875 3.88671875 0.26171875 3.99609375 0.26171875 4.109375 0.26171875 1.77734375 0.16015625 1.88671875 0.16015625 2 0.16015625 2.109375 0.16015625 2.21875 0.16015625 2.33203125 0.16015625 2.44140625 0.16015625 2.5546875 0.16015625 2.6640625 0.16015625 2.77734375 0.16015625 2.88671875 0.16015625 3 0.16015625 3.109375 0.16015625 3.21875 0.16015625 3.33203125 0.16015625 3.44140625 0.16015625 3.5546875 0.16015625 3.6640625 0.16015625 3.77734375 0.16015625 3.88671875 0.16015625 3.99609375 0.16015625 4.109375 0.16015625 0.21875 0.16015625 0.21875 0.26171875 0.109375 0.16015625 0.109375 0.26171875 0.21875 0.37109375 0.109375 0.37109375 0.21875 0.49609375 0.109375 0.49609375 0.21875 0.640625 0.109375 0.640625 0.21875 0.78125 0.109375 0.78125 0.21875 0.921875 0.109375 0.921875 0.21875 1.140625 0.109375 1.140625 0.21875 1.37890625 0.109375 1.37890625 0.21875 1.765625 0.109375 1.765625</float_array>
                    <technique_common>
                        <accessor count="1" source="#uvarray4" stride="2">
                            <param name="S" type="float"/>
                            <param name="T" type="float"/>
                        </accessor>
                    </technique_common>
                </source>
                <vertices id="vertices4">
                    <input semantic="POSITION" source="#points4"/>
                </vertices>
                <polylist count="396" material="Material1">
                    <input offset="0" semantic="VERTEX" source="#vertices4"/>
                    <input offset="1" semantic="TEXCOORD" source="#uvs4" set="0"/>
                    <vcount>3 3 3 3 3 3 3 3 3 3 3 3 3 3 3 3 3 3 3 3 3 3 3 3 3 3 3 3 3 3 3 3 3 3 3 3 3 3 3 3 3 3 3 3 3 3 3 3 3 3 3 3 3 3 3 3 3 3 3 3 3 3 3 3 3 3 3 3 3 3 3 3 3 3 3 3 3 3 3 3 3 3 3 3 3 3 3 3 3 3 3 3 3 3 3 3 3 3 3 3 3 3 3 3 3 3 3 3 3 3 3 3 3 3 3 3 3 3 3 3 3 3 3 3 3 3 3 3 3 3 3 3 3 3 3 3 3 3 3 3 3 3 3 3 3 3 3 3 3 3 3 3 3 3 3 3 3 3 3 3 3 3 3 3 3 3 3 3 3 3 3 3 3 3 3 3 3 3 3 3 3 3 3 3 3 3 3 3 3 3 3 3 3 3 3 3 3 3 3 3 3 3 3 3 3 3 3 3 3 3 3 3 3 3 3 3 3 3 3 3 3 3 3 3 3 3 3 3 3 3 3 3 3 3 3 3 3 3 3 3 3 3 3 3 3 3 3 3 3 3 3 3 3 3 3 3 3 3 3 3 3 3 3 3 3 3 3 3 3 3 3 3 3 3 3 3 3 3 3 3 3 3 3 3 3 3 3 3 3 3 3 3 3 3 3 3 3 3 3 3 3 3 3 3 3 3 3 3 3 3 3 3 3 3 3 3 3 3 3 3 3 3 3 3 3 3 3 3 3 3 3 3 3 3 3 3 3 3 3 3 3 3 3 3 3 3 3 3 3 3 3 3 3 3 3 3 3 3 3 3 3 3 3 3 3 3 3 3 3 3 3 3 3 3 3 3 3 3 3 3 3 3 3 3 3 3 3 3 3 3 3 3 3 3 3 3</vcount>
                    <p>2 2 1 1 0 0 3 3 1 1 2 2 4 4 3 3 2 2 5 5 3 3 4 4 6 6 5 5 4 4 7 7 5 5 6 6 8 8 7 7 6 6 9 9 7 7 8 8 10 10 9 9 8 8 11 11 9 9 10 10 12 12 11 11 10 10 13 13 11 11 12 12 14 14 13 13 12 12 15 15 13 13 14 14 16 16 15 15 14 14 17 17 15 15 16 16 18 18 17 17 16 16 19 19 17 17 18 18 20 20 19 19 18 18 21 21 19 19 20 20 22 22 21 21 20 20 23 23 21 21 22 22 24 24 23 23 22 22 25 25 23 23 24 24 26 26 25 25 24 24 27 27 25 25 26 26 28 28 27 27 26 26 29 29 27 27 28 28 30 30 29 29 28 28 31 31 29 29 30 30 32 32 31 31 30 30 33 33 31 31 32 32 34 34 33 33 32 32 35 35 33 33 34 34 36 36 35 35 34 34 37 37 35 35 36 36 38 38 37 37 36 36 39 39 37 37 38 38 40 40 39 39 38 38 41 41 39 39 40 40 42 42 41 41 40 40 43 43 41 41 42 42 3 3 44 44 1 1 45 45 44 44 3 3 5 5 45 45 3 3 46 46 45 45 5 5 7 7 46 46 5 5 47 47 46 46 7 7 9 9 47 47 7 7 48 48 47 47 9 9 11 11 48 48 9 9 49 49 48 48 11 11 13 13 49 49 11 11 50 50 49 49 13 13 15 15 50 50 13 13 51 51 50 50 15 15 17 17 51 51 15 15 52 52 51 51 17 17 19 19 52 52 17 17 53 53 52 52 19 19 21 21 53 53 19 19 54 54 53 53 21 21 23 23 54 54 21 21 55 55 54 54 23 23 25 25 55 55 23 23 56 56 55 55 25 25 27 27 56 56 25 25 57 57 56 56 27 27 29 29 57 57 27 27 58 58 57 57 29 29 31 31 58 58 29 29 59 59 58 58 31 31 33 33 59 59 31 31 60 60 59 59 33 33 35 35 60 60 33 33 61 61 60 60 35 35 37 37 61 61 35 35 62 62 61 61 37 37 39 39 62 62 37 37 63 63 62 62 39 39 41 41 63 63 39 39 64 64 63 63 41 41 43 43 64 64 41 41 65 65 64 64 43 43 45 45 66 66 44 44 67 67 66 66 45 45 46 46 67 67 45 45 68 68 67 67 46 46 47 47 68 68 46 46 69 69 68 68 47 47 48 48 69 69 47 47 70 70 69 69 48 48 49 49 70 70 48 48 71 71 70 70 49 49 50 50 71 71 49 49 72 72 71 71 50 50 51 51 72 72 50 50 73 73 72 72 51 51 52 52 73 73 51 51 74 74 73 73 52 52 53 53 74 74 52 52 75 75 74 74 53 53 54 54 75 75 53 53 76 76 75 75 54 54 55 55 76 76 54 54 77 77 76 76 55 55 56 56 77 77 55 55 78 78 77 77 56 56 57 57 78 78 56 56 79 79 78 78 57 57 58 58 79 79 57 57 80 80 79 79 58 58 59 59 80 80 58 58 81 81 80 80 59 59 60 60 81 81 59 59 82 82 81 81 60 60 61 61 82 82 60 60 83 83 82 82 61 61 62 62 83 83 61 61 84 84 83 83 62 62 63 63 84 84 62 62 85 85 84 84 63 63 64 64 85 85 63 63 86 86 85 85 64 64 65 65 86 86 64 64 87 87 86 86 65 65 67 67 88 88 66 66 89 89 88 88 67 67 68 68 89 89 67 67 90 90 89 89 68 68 69 69 90 90 68 68 91 91 90 90 69 69 70 70 91 91 69 69 92 92 91 91 70 70 71 71 92 92 70 70 93 93 92 92 71 71 72 72 93 93 71 71 94 94 93 93 72 72 73 73 94 94 72 72 95 95 94 94 73 73 74 74 95 95 73 73 96 96 95 95 74 74 75 75 96 96 74 74 97 97 96 96 75 75 76 76 97 97 75 75 98 98 97 97 76 76 77 77 98 98 76 76 99 99 98 98 77 77 78 78 99 99 77 77 100 100 99 99 78 78 79 79 100 100 78 78 101 101 100 100 79 79 80 80 101 101 79 79 102 102 101 101 80 80 81 81 102 102 80 80 103 103 102 102 81 81 82 82 103 103 81 81 104 104 103 103 82 82 83 83 104 104 82 82 105 105 104 104 83 83 84 84 105 105 83 83 106 106 105 105 84 84 85 85 106 106 84 84 107 107 106 106 85 85 86 86 107 107 85 85 108 108 107 107 86 86 87 87 108 108 86 86 109 109 108 108 87 87 89 89 110 110 88 88 111 111 110 110 89 89 90 90 111 111 89 89 112 112 111 111 90 90 91 91 112 112 90 90 113 113 112 112 91 91 92 92 113 113 91 91 114 114 113 113 92 92 93 93 114 114 92 92 115 115 114 114 93 93 94 94 115 115 93 93 116 116 115 115 94 94 95 95 116 116 94 94 117 117 116 116 95 95 96 96 117 117 95 95 118 118 117 117 96 96 97 97 118 118 96 96 119 119 118 118 97 97 98 98 119 119 97 97 120 120 119 119 98 98 99 99 120 120 98 98 121 121 120 120 99 99 100 100 121 121 99 99 122 122 121 121 100 100 101 101 122 122 100 100 123 123 122 122 101 101 102 102 123 123 101 101 124 124 123 123 102 102 103 103 124 124 102 102 125 125 124 124 103 103 104 104 125 125 103 103 126 126 125 125 104 104 105 105 126 126 104 104 127 127 126 126 105 105 106 106 127 127 105 105 128 128 127 127 106 106 107 107 128 128 106 106 129 129 128 128 107 107 108 108 129 129 107 107 130 130 129 129 108 108 109 109 130 130 108 108 131 131 130 130 109 109 111 111 132 132 110 110 133 133 132 132 111 111 112 112 133 133 111 111 134 134 133 133 112 112 113 113 134 134 112 112 135 135 134 134 113 113 114 114 135 135 113 113 136 136 135 135 114 114 115 115 136 136 114 114 137 137 136 136 115 115 116 116 137 137 115 115 138 138 137 137 116 116 117 117 138 138 116 116 139 139 138 138 117 117 118 118 139 139 117 117 140 140 139 139 118 118 119 119 140 140 118 118 141 141 140 140 119 119 120 120 141 141 119 119 142 142 141 141 120 120 121 121 142 142 120 120 143 143 142 142 121 121 122 122 143 143 121 121 144 144 143 143 122 122 123 123 144 144 122 122 145 145 144 144 123 123 124 124 145 145 123 123 146 146 145 145 124 124 125 125 146 146 124 124 147 147 146 146 125 125 126 126 147 147 125 125 148 148 147 147 126 126 127 127 148 148 126 126 149 149 148 148 127 127 128 128 149 149 127 127 150 150 149 149 128 128 129 129 150 150 128 128 151 151 150 150 129 129 130 130 151 151 129 129 152 152 151 151 130 130 131 131 152 152 130 130 153 153 152 152 131 131 133 133 154 154 132 132 155 155 154 154 133 133 134 134 155 155 133 133 156 156 155 155 134 134 135 135 156 156 134 134 157 157 156 156 135 135 136 136 157 157 135 135 158 158 157 157 136 136 137 137 158 158 136 136 159 159 158 158 137 137 138 138 159 159 137 137 160 160 159 159 138 138 139 139 160 160 138 138 161 161 160 160 139 139 140 140 161 161 139 139 162 162 161 161 140 140 141 141 162 162 140 140 163 163 162 162 141 141 142 142 163 163 141 141 164 164 163 163 142 142 143 143 164 164 142 142 165 165 164 164 143 143 144 144 165 165 143 143 166 166 165 165 144 144 145 145 166 166 144 144 167 167 166 166 145 145 146 146 167 167 145 145 168 168 167 167 146 146 147 147 168 168 146 146 169 169 168 168 147 147 148 148 169 169 147 147 170 170 169 169 148 148 149 149 170 170 148 148 171 171 170 170 149 149 150 150 171 171 149 149 172 172 171 171 150 150 151 151 172 172 150 150 173 173 172 172 151 151 152 152 173 173 151 151 174 174 173 173 152 152 153 153 174 174 152 152 175 175 174 174 153 153 155 155 176 176 154 154 177 177 176 176 155 155 156 156 177 177 155 155 178 178 177 177 156 156 157 157 178 178 156 156 179 179 178 178 157 157 158 158 179 179 157 157 180 180 179 179 158 158 159 159 180 180 158 158 181 181 180 180 159 159 160 160 181 181 159 159 182 182 181 181 160 160 161 161 182 182 160 160 183 183 182 182 161 161 162 162 183 183 161 161 184 184 183 183 162 162 163 163 184 184 162 162 185 185 184 184 163 163 164 164 185 185 163 163 186 186 185 185 164 164 165 165 186 186 164 164 187 187 186 186 165 165 166 166 187 187 165 165 188 188 187 187 166 166 167 167 188 188 166 166 189 189 188 188 167 167 168 168 189 189 167 167 190 190 189 189 168 168 169 169 190 190 168 168 191 191 190 190 169 169 170 170 191 191 169 169 192 192 191 191 170 170 171 171 192 192 170 170 193 193 192 192 171 171 172 172 193 193 171 171 194 194 193 193 172 172 173 173 194 194 172 172 195 195 194 194 173 173 174 174 195 195 173 173 196 196 195 195 174 174 175 175 196 196 174 174 197 197 196 196 175 175 177 177 198 198 176 176 199 199 198 198 177 177 178 178 199 199 177 177 200 200 199 199 178 178 179 179 200 200 178 178 201 201 200 200 179 179 180 180 201 201 179 179 202 202 201 201 180 180 181 181 202 202 180 180 203 203 202 202 181 181 182 182 203 203 181 181 204 204 203 203 182 182 183 183 204 204 182 182 205 205 204 204 183 183 184 184 205 205 183 183 206 206 205 205 184 184 185 185 206 206 184 184 207 207 206 206 185 185 186 186 207 207 185 185 208 208 207 207 186 186 187 187 208 208 186 186 209 209 208 208 187 187 188 188 209 209 187 187 210 210 209 209 188 188 189 189 210 210 188 188 211 211 210 210 189 189 190 190 211 211 189 189 212 212 211 211 190 190 191 191 212 212 190 190 213 213 212 212 191 191 192 192 213 213 191 191 214 214 213 213 192 192 193 193 214 214 192 192 215 215 214 214 193 193 194 194 215 215 193 193 216 216 215 215 194 194 195 195 216 216 194 194 217 217 216 216 195 195 196 196 217 217 195 195 218 218 217 217 196 196 197 197 218 218 196 196 219 219 218 218 197 197 219 222 221 221 220 220 197 223 221 221 219 222 197 223 222 224 221 221 175 225 222 224 197 223 175 225 223 226 222 224 153 227 223 226 175 225 153 227 224 228 223 226 131 229 224 228 153 227 131 229 225 230 224 228 109 231 225 230 131 229 109 231 226 232 225 230 87 233 226 232 109 231 87 233 227 234 226 232 65 235 227 234 87 233 65 235 228 236 227 234 43 237 228 236 65 235 43 237 229 238 228 236 42 239 229 238 43 237</p>
                </polylist>
            </mesh>
        </geometry>
        <geometry id="mesh4_1">
            <mesh>
                <source id="points4_1">
                    <float_array id="pointarray4_1" count="690">-13230.0283203125 78891.9453125 -4815.33642578125 -26134.2890625 75595.0859375 -9512.103515625 -13865.208984375 78891.9453125 -2444.810302734375 -27389.0078125 75595.0859375 -4829.42138671875 -14079.1015625 78891.9453125 0 -27811.52734375 75595.0859375 0 -13865.208984375 78891.9453125 2444.810302734375 -27389.0078125 75595.0859375 4829.42138671875 -13230.0283203125 78891.9453125 4815.33642578125 -26134.2890625 75595.0859375 9512.103515625 -12192.8603515625 78891.9453125 7039.55078125 -24085.490234375 75595.0859375 13905.763671875 -10785.216796875 78891.9453125 9049.8720703125 -21304.8671875 75595.0859375 17876.90625 -9049.8720703125 78891.9453125 10785.216796875 -17876.90625 75595.0859375 21304.8671875 -7039.55078125 78891.9453125 12192.8603515625 -13905.763671875 75595.0859375 24085.490234375 -4815.33642578125 78891.9453125 13230.0283203125 -9512.103515625 75595.0859375 26134.2890625 -2444.810302734375 78891.9453125 13865.208984375 -4829.42138671875 75595.0859375 27389.0078125 0 78891.9453125 14079.1015625 0 75595.0859375 27811.52734375 2444.810302734375 78891.9453125 13865.208984375 4829.42138671875 75595.0859375 27389.0078125 4815.33642578125 78891.9453125 13230.0283203125 9512.103515625 75595.0859375 26134.2890625 7039.55078125 78891.9453125 12192.8603515625 13905.763671875 75595.0859375 24085.490234375 9049.8720703125 78891.9453125 10785.216796875 17876.90625 75595.0859375 21304.8671875 10785.216796875 78891.9453125 9049.8720703125 21304.8671875 75595.0859375 17876.90625 12192.8603515625 78891.9453125 7039.55078125 24085.490234375 75595.0859375 13905.763671875 13230.0283203125 78891.9453125 4815.33642578125 26134.2890625 75595.0859375 9512.103515625 13865.208984375 78891.9453125 2444.810302734375 27389.0078125 75595.0859375 4829.42138671875 14079.1015625 78891.9453125 0 27811.52734375 75595.0859375 0 13865.208984375 78891.9453125 -2444.810302734375 27389.0078125 75595.0859375 -4829.42138671875 -38395.03515625 70190.5859375 -13974.650390625 -40238.40234375 70190.5859375 -7095.1162109375 -40859.14453125 70190.5859375 0 -40238.40234375 70190.5859375 7095.1162109375 -38395.03515625 70190.5859375 13974.650390625 -35385.05859375 70190.5859375 20429.572265625 -31299.921875 70190.5859375 26263.751953125 -26263.751953125 70190.5859375 31299.921875 -20429.572265625 70190.5859375 35385.05859375 -13974.650390625 70190.5859375 38395.03515625 -7095.1162109375 70190.5859375 40238.40234375 0 70190.5859375 40859.14453125 7095.1162109375 70190.5859375 40238.40234375 13974.650390625 70190.5859375 38395.03515625 20429.572265625 70190.5859375 35385.05859375 26263.751953125 70190.5859375 31299.921875 31299.921875 70190.5859375 26263.751953125 35385.05859375 70190.5859375 20429.572265625 38395.03515625 70190.5859375 13974.650390625 40238.40234375 70190.5859375 7095.1162109375 40859.14453125 70190.5859375 0 40238.40234375 70190.5859375 -7095.1162109375 -49710.37109375 62811.52734375 -18093.095703125 -52096.9921875 62811.52734375 -9186.10546875 -52900.671875 62811.52734375 0 -52096.9921875 62811.52734375 9186.10546875 -49710.37109375 62811.52734375 18093.095703125 -45813.32421875 62811.52734375 26450.3359375 -40524.265625 62811.52734375 34003.8984375 -34003.8984375 62811.52734375 40524.265625 -26450.3359375 62811.52734375 45813.32421875 -18093.095703125 62811.52734375 49710.37109375 -9186.10546875 62811.52734375 52096.9921875 0 62811.52734375 52900.671875 9186.10546875 62811.52734375 52096.9921875 18093.095703125 62811.52734375 49710.37109375 26450.3359375 62811.52734375 45813.32421875 34003.8984375 62811.52734375 40524.265625 40524.265625 62811.52734375 34003.8984375 45813.32421875 62811.52734375 26450.3359375 49710.37109375 62811.52734375 18093.095703125 52096.9921875 62811.52734375 9186.10546875 52900.671875 62811.52734375 0 52096.9921875 62811.52734375 -9186.10546875 -59801.671875 53639.609375 -21766.02734375 -62672.78125 53639.609375 -11050.90234375 -63639.609375 53639.609375 0 -62672.78125 53639.609375 11050.90234375 -59801.671875 53639.609375 21766.02734375 -55113.51953125 53639.609375 31819.8046875 -48750.7734375 53639.609375 40906.75390625 -40906.75390625 53639.609375 48750.7734375 -31819.8046875 53639.609375 55113.51953125 -21766.02734375 53639.609375 59801.671875 -11050.90234375 53639.609375 62672.78125 0 53639.609375 63639.609375 11050.90234375 53639.609375 62672.78125 21766.02734375 53639.609375 59801.671875 31819.8046875 53639.609375 55113.51953125 40906.75390625 53639.609375 48750.7734375 48750.7734375 53639.609375 40906.75390625 55113.51953125 53639.609375 31819.8046875 59801.671875 53639.609375 21766.02734375 62672.78125 53639.609375 11050.90234375 63639.609375 53639.609375 0 62672.78125 53639.609375 -11050.90234375 -68420.4609375 42900.671875 -24903.009765625 -71705.359375 42900.671875 -12643.5888671875 -72811.53125 42900.671875 0 -71705.359375 42900.671875 12643.5888671875 -68420.4609375 42900.671875 24903.009765625 -63056.63671875 42900.671875 36405.765625 -55776.8671875 42900.671875 46802.34765625 -46802.34765625 42900.671875 55776.8671875 -36405.765625 42900.671875 63056.63671875 -24903.009765625 42900.671875 68420.4609375 -12643.5888671875 42900.671875 71705.359375 0 42900.671875 72811.53125 12643.5888671875 42900.671875 71705.359375 24903.009765625 42900.671875 68420.4609375 36405.765625 42900.671875 63056.63671875 46802.34765625 42900.671875 55776.8671875 55776.8671875 42900.671875 46802.34765625 63056.63671875 42900.671875 36405.765625 68420.4609375 42900.671875 24903.009765625 71705.359375 42900.671875 12643.5888671875 72811.53125 42900.671875 0 71705.359375 42900.671875 -12643.5888671875 -75354.5 30859.14453125 -27426.796875 -78972.3125 30859.14453125 -13924.94921875 -80190.5859375 30859.14453125 0 -78972.3125 30859.14453125 13924.94921875 -75354.5 30859.14453125 27426.796875 -69447.0859375 30859.14453125 40095.29296875 -61429.5546875 30859.14453125 51545.515625 -51545.515625 30859.14453125 61429.5546875 -40095.29296875 30859.14453125 69447.0859375 -27426.796875 30859.14453125 75354.5 -13924.94921875 30859.14453125 78972.3125 0 30859.14453125 80190.5859375 13924.94921875 30859.14453125 78972.3125 27426.796875 30859.14453125 75354.5 40095.29296875 30859.14453125 69447.0859375 51545.515625 30859.14453125 61429.5546875 61429.5546875 30859.14453125 51545.515625 69447.0859375 30859.14453125 40095.29296875 75354.5 30859.14453125 27426.796875 78972.3125 30859.14453125 13924.94921875 80190.5859375 30859.14453125 0 78972.3125 30859.14453125 -13924.94921875 -80433.0703125 17811.529296875 -29275.244140625 -84294.703125 17811.529296875 -14863.4296875 -85595.0859375 17811.529296875 0 -84294.703125 17811.529296875 14863.4296875 -80433.0703125 17811.529296875 29275.244140625 -74127.515625 17811.529296875 42797.54296875 -65569.640625 17811.529296875 55019.4609375 -55019.4609375 17811.529296875 65569.640625 -42797.54296875 17811.529296875 74127.515625 -29275.244140625 17811.529296875 80433.0703125 -14863.4296875 17811.529296875 84294.703125 0 17811.529296875 85595.0859375 14863.4296875 17811.529296875 84294.703125 29275.244140625 17811.529296875 80433.0703125 42797.54296875 17811.529296875 74127.515625 55019.4609375 17811.529296875 65569.640625 65569.640625 17811.529296875 55019.4609375 74127.515625 17811.529296875 42797.54296875 80433.0703125 17811.529296875 29275.244140625 84294.703125 17811.529296875 14863.4296875 85595.0859375 17811.529296875 0 84294.703125 17811.529296875 -14863.4296875 -83531.109375 4079.101806640625 -30402.8359375 -87541.484375 4079.101806640625 -15435.92578125 -88891.953125 4079.101806640625 0 -87541.484375 4079.101806640625 15435.92578125 -83531.109375 4079.101806640625 30402.8359375 -76982.6875 4079.101806640625 44445.9765625 -68095.1875 4079.101806640625 57138.640625 -57138.640625 4079.101806640625 68095.1875 -44445.9765625 4079.101806640625 76982.6875 -30402.8359375 4079.101806640625 83531.109375 -15435.92578125 4079.101806640625 87541.484375 0 4079.101806640625 88891.953125 15435.92578125 4079.101806640625 87541.484375 30402.8359375 4079.101806640625 83531.109375 44445.9765625 4079.101806640625 76982.6875 57138.640625 4079.101806640625 68095.1875 68095.1875 4079.101806640625 57138.640625 76982.6875 4079.101806640625 44445.9765625 83531.109375 4079.101806640625 30402.8359375 87541.484375 4079.101806640625 15435.92578125 88891.953125 4079.101806640625 0 87541.484375 4079.101806640625 -15435.92578125 -84572.3359375 -10000 -30781.814453125 -88632.6953125 -10000 -15628.3359375 -90000 -10000 0 -88632.6953125 -10000 15628.3359375 -84572.3359375 -10000 30781.814453125 -77942.28125 -10000 45000 -68944 -10000 57850.8828125 -57850.8828125 -10000 68944 -45000 -10000 77942.28125 -30781.814453125 -10000 84572.3359375 -15628.3359375 -10000 88632.6953125 0 -10000 90000 15628.3359375 -10000 88632.6953125 30781.814453125 -10000 84572.3359375 45000 -10000 77942.28125 57850.8828125 -10000 68944 68944 -10000 57850.8828125 77942.28125 -10000 45000 84572.3359375 -10000 30781.814453125 88632.6953125 -10000 15628.3359375 90000 -10000 0 88632.6953125 -10000 -15628.3359375 84572.3359375 -10000 -30781.814453125 83531.109375 4079.101806640625 -30402.8359375 80433.0703125 17811.529296875 -29275.244140625 75354.5 30859.14453125 -27426.796875 68420.4609375 42900.671875 -24903.009765625 59801.671875 53639.609375 -21766.02734375 49710.37109375 62811.52734375 -18093.095703125 38395.03515625 70190.5859375 -13974.650390625 26134.2890625 75595.0859375 -9512.103515625 13230.0283203125 78891.9453125 -4815.33642578125</float_array>
                    <technique_common>
                        <accessor count="230" source="#pointarray4_1" stride="3">
                            <param name="X" type="float"/>
                            <param name="Y" type="float"/>
                            <param name="Z" type="float"/>
                        </accessor>
                    </technique_common>
                </source>
                <source id="uvs4_1">
                    <float_array id="uvarray4_1" count="238">0.47265625 0.0078125 0.44921875 0.02734375 0.484375 0.0078125 0.47265625 0.02734375 0.5 0.0078125 0.5 0.02734375 0.51171875 0.0078125 0.5234375 0.02734375 0.5234375 0.0078125 0.546875 0.02734375 0.53515625 0.0078125 0.56640625 0.02734375 0.54296875 0.0078125 0.5859375 0.02734375 0.55078125 0.0078125 0.60546875 0.02734375 0.55859375 0.0078125 0.6171875 0.02734375 0.5625 0.0078125 0.62890625 0.02734375 0.56640625 0.0078125 0.63671875 0.02734375 0.5703125 0.0078125 0.4296875 0.0546875 0.4609375 0.0546875 0.5 0.0546875 0.53515625 0.0546875 0.56640625 0.0546875 0.6015625 0.0546875 0.62890625 0.0546875 0.65625 0.0546875 0.67578125 0.0546875 0.69140625 0.0546875 0.69921875 0.0546875 0.703125 0.0546875 0.40625 0.09765625 0.453125 0.09765625 0.5 0.09765625 0.54296875 0.09765625 0.58984375 0.09765625 0.62890625 0.09765625 0.66796875 0.09765625 0.69921875 0.09765625 0.7265625 0.09765625 0.74609375 0.09765625 0.7578125 0.09765625 0.76171875 0.09765625 0.390625 0.1484375 0.44140625 0.1484375 0.5 0.1484375 0.5546875 0.1484375 0.60546875 0.1484375 0.65625 0.1484375 0.703125 0.1484375 0.7421875 0.1484375 0.7734375 0.1484375 0.796875 0.1484375 0.8125 0.1484375 0.81640625 0.1484375 0.375 0.20703125 0.43359375 0.20703125 0.5 0.20703125 0.5625 0.20703125 0.62109375 0.20703125 0.6796875 0.20703125 0.73046875 0.20703125 0.77734375 0.20703125 0.8125 0.20703125 0.83984375 0.20703125 0.85546875 0.20703125 0.86328125 0.20703125 0.359375 0.2734375 0.4296875 0.2734375 0.5 0.2734375 0.56640625 0.2734375 0.63671875 0.2734375 0.69921875 0.2734375 0.75390625 0.2734375 0.8046875 0.2734375 0.84375 0.2734375 0.875 0.2734375 0.89453125 0.2734375 0.8984375 0.2734375 0.3515625 0.34765625 0.421875 0.34765625 0.5 0.34765625 0.57421875 0.34765625 0.64453125 0.34765625 0.7109375 0.34765625 0.7734375 0.34765625 0.82421875 0.34765625 0.8671875 0.34765625 0.8984375 0.34765625 0.91796875 0.34765625 0.92578125 0.34765625 0.34765625 0.421875 0.421875 0.421875 0.5 0.421875 0.57421875 0.421875 0.6484375 0.421875 0.71875 0.421875 0.78515625 0.421875 0.83984375 0.421875 0.8828125 0.421875 0.9140625 0.421875 0.9375 0.421875 0.94140625 0.421875 0.34375 0.65625 0.41796875 0.65625 0.5 0.65625 0.578125 0.65625 0.65234375 0.65625 0.72265625 0.65625 0.7890625 0.65625 0.84375 0.65625 0.88671875 0.65625 0.921875 0.65625 0.94140625 0.65625 0.94921875 0.65625</float_array>
                    <technique_common>
                        <accessor count="1" source="#uvarray4_1" stride="2">
                            <param name="S" type="float"/>
                            <param name="T" type="float"/>
                        </accessor>
                    </technique_common>
                </source>
                <vertices id="vertices4_1">
                    <input semantic="POSITION" source="#points4_1"/>
                </vertices>
                <polylist count="396" material="Material1">
                    <input offset="0" semantic="VERTEX" source="#vertices4_1"/>
                    <input offset="1" semantic="TEXCOORD" source="#uvs4_1" set="0"/>
                    <vcount>3 3 3 3 3 3 3 3 3 3 3 3 3 3 3 3 3 3 3 3 3 3 3 3 3 3 3 3 3 3 3 3 3 3 3 3 3 3 3 3 3 3 3 3 3 3 3 3 3 3 3 3 3 3 3 3 3 3 3 3 3 3 3 3 3 3 3 3 3 3 3 3 3 3 3 3 3 3 3 3 3 3 3 3 3 3 3 3 3 3 3 3 3 3 3 3 3 3 3 3 3 3 3 3 3 3 3 3 3 3 3 3 3 3 3 3 3 3 3 3 3 3 3 3 3 3 3 3 3 3 3 3 3 3 3 3 3 3 3 3 3 3 3 3 3 3 3 3 3 3 3 3 3 3 3 3 3 3 3 3 3 3 3 3 3 3 3 3 3 3 3 3 3 3 3 3 3 3 3 3 3 3 3 3 3 3 3 3 3 3 3 3 3 3 3 3 3 3 3 3 3 3 3 3 3 3 3 3 3 3 3 3 3 3 3 3 3 3 3 3 3 3 3 3 3 3 3 3 3 3 3 3 3 3 3 3 3 3 3 3 3 3 3 3 3 3 3 3 3 3 3 3 3 3 3 3 3 3 3 3 3 3 3 3 3 3 3 3 3 3 3 3 3 3 3 3 3 3 3 3 3 3 3 3 3 3 3 3 3 3 3 3 3 3 3 3 3 3 3 3 3 3 3 3 3 3 3 3 3 3 3 3 3 3 3 3 3 3 3 3 3 3 3 3 3 3 3 3 3 3 3 3 3 3 3 3 3 3 3 3 3 3 3 3 3 3 3 3 3 3 3 3 3 3 3 3 3 3 3 3 3 3 3 3 3 3 3 3 3 3 3 3 3 3 3 3 3 3 3 3 3 3 3 3 3 3 3 3 3 3 3 3 3 3 3 3</vcount>
                    <p>2 2 1 1 0 0 3 3 1 1 2 2 4 4 3 3 2 2 5 5 3 3 4 4 6 6 5 5 4 4 7 7 5 5 6 6 8 8 7 7 6 6 9 9 7 7 8 8 10 10 9 9 8 8 11 11 9 9 10 10 12 12 11 11 10 10 13 13 11 11 12 12 14 14 13 13 12 12 15 15 13 13 14 14 16 16 15 15 14 14 17 17 15 15 16 16 18 18 17 17 16 16 19 19 17 17 18 18 20 20 19 19 18 18 21 21 19 19 20 20 22 22 21 21 20 20 23 21 21 21 22 22 24 20 23 21 22 22 25 21 23 21 24 20 26 18 25 21 24 20 27 19 25 21 26 18 28 16 27 19 26 18 29 17 27 19 28 16 30 14 29 17 28 16 31 15 29 17 30 14 32 12 31 15 30 14 33 13 31 15 32 12 34 10 33 13 32 12 35 11 33 13 34 10 36 8 35 11 34 10 37 9 35 11 36 8 38 6 37 9 36 8 39 7 37 9 38 6 40 4 39 7 38 6 41 5 39 7 40 4 42 2 41 5 40 4 43 3 41 5 42 2 3 3 44 23 1 1 45 24 44 23 3 3 5 5 45 24 3 3 46 25 45 24 5 5 7 7 46 25 5 5 47 26 46 25 7 7 9 9 47 26 7 7 48 27 47 26 9 9 11 11 48 27 9 9 49 28 48 27 11 11 13 13 49 28 11 11 50 29 49 28 13 13 15 15 50 29 13 13 51 30 50 29 15 15 17 17 51 30 15 15 52 31 51 30 17 17 19 19 52 31 17 17 53 32 52 31 19 19 21 21 53 32 19 19 54 33 53 32 21 21 23 21 54 33 21 21 55 34 54 33 23 21 25 21 55 34 23 21 56 33 55 34 25 21 27 19 56 33 25 21 57 32 56 33 27 19 29 17 57 32 27 19 58 31 57 32 29 17 31 15 58 31 29 17 59 30 58 31 31 15 33 13 59 30 31 15 60 29 59 30 33 13 35 11 60 29 33 13 61 28 60 29 35 11 37 9 61 28 35 11 62 27 61 28 37 9 39 7 62 27 37 9 63 26 62 27 39 7 41 5 63 26 39 7 64 25 63 26 41 5 43 3 64 25 41 5 65 24 64 25 43 3 45 24 66 35 44 23 67 36 66 35 45 24 46 25 67 36 45 24 68 37 67 36 46 25 47 26 68 37 46 25 69 38 68 37 47 26 48 27 69 38 47 26 70 39 69 38 48 27 49 28 70 39 48 27 71 40 70 39 49 28 50 29 71 40 49 28 72 41 71 40 50 29 51 30 72 41 50 29 73 42 72 41 51 30 52 31 73 42 51 30 74 43 73 42 52 31 53 32 74 43 52 31 75 44 74 43 53 32 54 33 75 44 53 32 76 45 75 44 54 33 55 34 76 45 54 33 77 46 76 45 55 34 56 33 77 46 55 34 78 45 77 46 56 33 57 32 78 45 56 33 79 44 78 45 57 32 58 31 79 44 57 32 80 43 79 44 58 31 59 30 80 43 58 31 81 42 80 43 59 30 60 29 81 42 59 30 82 41 81 42 60 29 61 28 82 41 60 29 83 40 82 41 61 28 62 27 83 40 61 28 84 39 83 40 62 27 63 26 84 39 62 27 85 38 84 39 63 26 64 25 85 38 63 26 86 37 85 38 64 25 65 24 86 37 64 25 87 36 86 37 65 24 67 36 88 47 66 35 89 48 88 47 67 36 68 37 89 48 67 36 90 49 89 48 68 37 69 38 90 49 68 37 91 50 90 49 69 38 70 39 91 50 69 38 92 51 91 50 70 39 71 40 92 51 70 39 93 52 92 51 71 40 72 41 93 52 71 40 94 53 93 52 72 41 73 42 94 53 72 41 95 54 94 53 73 42 74 43 95 54 73 42 96 55 95 54 74 43 75 44 96 55 74 43 97 56 96 55 75 44 76 45 97 56 75 44 98 57 97 56 76 45 77 46 98 57 76 45 99 58 98 57 77 46 78 45 99 58 77 46 100 57 99 58 78 45 79 44 100 57 78 45 101 56 100 57 79 44 80 43 101 56 79 44 102 55 101 56 80 43 81 42 102 55 80 43 103 54 102 55 81 42 82 41 103 54 81 42 104 53 103 54 82 41 83 40 104 53 82 41 105 52 104 53 83 40 84 39 105 52 83 40 106 51 105 52 84 39 85 38 106 51 84 39 107 50 106 51 85 38 86 37 107 50 85 38 108 49 107 50 86 37 87 36 108 49 86 37 109 48 108 49 87 36 89 48 110 59 88 47 111 60 110 59 89 48 90 49 111 60 89 48 112 61 111 60 90 49 91 50 112 61 90 49 113 62 112 61 91 50 92 51 113 62 91 50 114 63 113 62 92 51 93 52 114 63 92 51 115 64 114 63 93 52 94 53 115 64 93 52 116 65 115 64 94 53 95 54 116 65 94 53 117 66 116 65 95 54 96 55 117 66 95 54 118 67 117 66 96 55 97 56 118 67 96 55 119 68 118 67 97 56 98 57 119 68 97 56 120 69 119 68 98 57 99 58 120 69 98 57 121 70 120 69 99 58 100 57 121 70 99 58 122 69 121 70 100 57 101 56 122 69 100 57 123 68 122 69 101 56 102 55 123 68 101 56 124 67 123 68 102 55 103 54 124 67 102 55 125 66 124 67 103 54 104 53 125 66 103 54 126 65 125 66 104 53 105 52 126 65 104 53 127 64 126 65 105 52 106 51 127 64 105 52 128 63 127 64 106 51 107 50 128 63 106 51 129 62 128 63 107 50 108 49 129 62 107 50 130 61 129 62 108 49 109 48 130 61 108 49 131 60 130 61 109 48 111 60 132 71 110 59 133 72 132 71 111 60 112 61 133 72 111 60 134 73 133 72 112 61 113 62 134 73 112 61 135 74 134 73 113 62 114 63 135 74 113 62 136 75 135 74 114 63 115 64 136 75 114 63 137 76 136 75 115 64 116 65 137 76 115 64 138 77 137 76 116 65 117 66 138 77 116 65 139 78 138 77 117 66 118 67 139 78 117 66 140 79 139 78 118 67 119 68 140 79 118 67 141 80 140 79 119 68 120 69 141 80 119 68 142 81 141 80 120 69 121 70 142 81 120 69 143 82 142 81 121 70 122 69 143 82 121 70 144 81 143 82 122 69 123 68 144 81 122 69 145 80 144 81 123 68 124 67 145 80 123 68 146 79 145 80 124 67 125 66 146 79 124 67 147 78 146 79 125 66 126 65 147 78 125 66 148 77 147 78 126 65 127 64 148 77 126 65 149 76 148 77 127 64 128 63 149 76 127 64 150 75 149 76 128 63 129 62 150 75 128 63 151 74 150 75 129 62 130 61 151 74 129 62 152 73 151 74 130 61 131 60 152 73 130 61 153 72 152 73 131 60 133 72 154 83 132 71 155 84 154 83 133 72 134 73 155 84 133 72 156 85 155 84 134 73 135 74 156 85 134 73 157 86 156 85 135 74 136 75 157 86 135 74 158 87 157 86 136 75 137 76 158 87 136 75 159 88 158 87 137 76 138 77 159 88 137 76 160 89 159 88 138 77 139 78 160 89 138 77 161 90 160 89 139 78 140 79 161 90 139 78 162 91 161 90 140 79 141 80 162 91 140 79 163 92 162 91 141 80 142 81 163 92 141 80 164 93 163 92 142 81 143 82 164 93 142 81 165 94 164 93 143 82 144 81 165 94 143 82 166 93 165 94 144 81 145 80 166 93 144 81 167 92 166 93 145 80 146 79 167 92 145 80 168 91 167 92 146 79 147 78 168 91 146 79 169 90 168 91 147 78 148 77 169 90 147 78 170 89 169 90 148 77 149 76 170 89 148 77 171 88 170 89 149 76 150 75 171 88 149 76 172 87 171 88 150 75 151 74 172 87 150 75 173 86 172 87 151 74 152 73 173 86 151 74 174 85 173 86 152 73 153 72 174 85 152 73 175 84 174 85 153 72 155 84 176 95 154 83 177 96 176 95 155 84 156 85 177 96 155 84 178 97 177 96 156 85 157 86 178 97 156 85 179 98 178 97 157 86 158 87 179 98 157 86 180 99 179 98 158 87 159 88 180 99 158 87 181 100 180 99 159 88 160 89 181 100 159 88 182 101 181 100 160 89 161 90 182 101 160 89 183 102 182 101 161 90 162 91 183 102 161 90 184 103 183 102 162 91 163 92 184 103 162 91 185 104 184 103 163 92 164 93 185 104 163 92 186 105 185 104 164 93 165 94 186 105 164 93 187 106 186 105 165 94 166 93 187 106 165 94 188 105 187 106 166 93 167 92 188 105 166 93 189 104 188 105 167 92 168 91 189 104 167 92 190 103 189 104 168 91 169 90 190 103 168 91 191 102 190 103 169 90 170 89 191 102 169 90 192 101 191 102 170 89 171 88 192 101 170 89 193 100 192 101 171 88 172 87 193 100 171 88 194 99 193 100 172 87 173 86 194 99 172 87 195 98 194 99 173 86 174 85 195 98 173 86 196 97 195 98 174 85 175 84 196 97 174 85 197 96 196 97 175 84 177 96 198 107 176 95 199 108 198 107 177 96 178 97 199 108 177 96 200 109 199 108 178 97 179 98 200 109 178 97 201 110 200 109 179 98 180 99 201 110 179 98 202 111 201 110 180 99 181 100 202 111 180 99 203 112 202 111 181 100 182 101 203 112 181 100 204 113 203 112 182 101 183 102 204 113 182 101 205 114 204 113 183 102 184 103 205 114 183 102 206 115 205 114 184 103 185 104 206 115 184 103 207 116 206 115 185 104 186 105 207 116 185 104 208 117 207 116 186 105 187 106 208 117 186 105 209 118 208 117 187 106 188 105 209 118 187 106 210 117 209 118 188 105 189 104 210 117 188 105 211 116 210 117 189 104 190 103 211 116 189 104 212 115 211 116 190 103 191 102 212 115 190 103 213 114 212 115 191 102 192 101 213 114 191 102 214 113 213 114 192 101 193 100 214 113 192 101 215 112 214 113 193 100 194 99 215 112 193 100 216 111 215 112 194 99 195 98 216 111 194 99 217 110 216 111 195 98 196 97 217 110 195 98 218 109 217 110 196 97 197 96 218 109 196 97 219 108 218 109 197 96 219 108 221 95 220 107 197 96 221 95 219 108 197 96 222 83 221 95 175 84 222 83 197 96 175 84 223 71 222 83 153 72 223 71 175 84 153 72 224 59 223 71 131 60 224 59 153 72 131 60 225 47 224 59 109 48 225 47 131 60 109 48 226 35 225 47 87 36 226 35 109 48 87 36 227 23 226 35 65 24 227 23 87 36 65 24 228 1 227 23 43 3 228 1 65 24 43 3 229 0 228 1 42 2 229 0 43 3</p>
                </polylist>
            </mesh>
        </geometry>
        <geometry id="mesh4_VC">
            <mesh>
                <source id="points4_VC">
                    <float_array id="pointarray4_VC" count="690">-13230.0283203125 78891.9453125 -4815.33642578125 -26134.2890625 75595.0859375 -9512.103515625 -13865.208984375 78891.9453125 -2444.810302734375 -27389.0078125 75595.0859375 -4829.42138671875 -14079.1015625 78891.9453125 0 -27811.52734375 75595.0859375 0 -13865.208984375 78891.9453125 2444.810302734375 -27389.0078125 75595.0859375 4829.42138671875 -13230.0283203125 78891.9453125 4815.33642578125 -26134.2890625 75595.0859375 9512.103515625 -12192.8603515625 78891.9453125 7039.55078125 -24085.490234375 75595.0859375 13905.763671875 -10785.216796875 78891.9453125 9049.8720703125 -21304.8671875 75595.0859375 17876.90625 -9049.8720703125 78891.9453125 10785.216796875 -17876.90625 75595.0859375 21304.8671875 -7039.55078125 78891.9453125 12192.8603515625 -13905.763671875 75595.0859375 24085.490234375 -4815.33642578125 78891.9453125 13230.0283203125 -9512.103515625 75595.0859375 26134.2890625 -2444.810302734375 78891.9453125 13865.208984375 -4829.42138671875 75595.0859375 27389.0078125 0 78891.9453125 14079.1015625 0 75595.0859375 27811.52734375 2444.810302734375 78891.9453125 13865.208984375 4829.42138671875 75595.0859375 27389.0078125 4815.33642578125 78891.9453125 13230.0283203125 9512.103515625 75595.0859375 26134.2890625 7039.55078125 78891.9453125 12192.8603515625 13905.763671875 75595.0859375 24085.490234375 9049.8720703125 78891.9453125 10785.216796875 17876.90625 75595.0859375 21304.8671875 10785.216796875 78891.9453125 9049.8720703125 21304.8671875 75595.0859375 17876.90625 12192.8603515625 78891.9453125 7039.55078125 24085.490234375 75595.0859375 13905.763671875 13230.0283203125 78891.9453125 4815.33642578125 26134.2890625 75595.0859375 9512.103515625 13865.208984375 78891.9453125 2444.810302734375 27389.0078125 75595.0859375 4829.42138671875 14079.1015625 78891.9453125 0 27811.52734375 75595.0859375 0 13865.208984375 78891.9453125 -2444.810302734375 27389.0078125 75595.0859375 -4829.42138671875 -38395.03515625 70190.5859375 -13974.650390625 -40238.40234375 70190.5859375 -7095.1162109375 -40859.14453125 70190.5859375 0 -40238.40234375 70190.5859375 7095.1162109375 -38395.03515625 70190.5859375 13974.650390625 -35385.05859375 70190.5859375 20429.572265625 -31299.921875 70190.5859375 26263.751953125 -26263.751953125 70190.5859375 31299.921875 -20429.572265625 70190.5859375 35385.05859375 -13974.650390625 70190.5859375 38395.03515625 -7095.1162109375 70190.5859375 40238.40234375 0 70190.5859375 40859.14453125 7095.1162109375 70190.5859375 40238.40234375 13974.650390625 70190.5859375 38395.03515625 20429.572265625 70190.5859375 35385.05859375 26263.751953125 70190.5859375 31299.921875 31299.921875 70190.5859375 26263.751953125 35385.05859375 70190.5859375 20429.572265625 38395.03515625 70190.5859375 13974.650390625 40238.40234375 70190.5859375 7095.1162109375 40859.14453125 70190.5859375 0 40238.40234375 70190.5859375 -7095.1162109375 -49710.37109375 62811.52734375 -18093.095703125 -52096.9921875 62811.52734375 -9186.10546875 -52900.671875 62811.52734375 0 -52096.9921875 62811.52734375 9186.10546875 -49710.37109375 62811.52734375 18093.095703125 -45813.32421875 62811.52734375 26450.3359375 -40524.265625 62811.52734375 34003.8984375 -34003.8984375 62811.52734375 40524.265625 -26450.3359375 62811.52734375 45813.32421875 -18093.095703125 62811.52734375 49710.37109375 -9186.10546875 62811.52734375 52096.9921875 0 62811.52734375 52900.671875 9186.10546875 62811.52734375 52096.9921875 18093.095703125 62811.52734375 49710.37109375 26450.3359375 62811.52734375 45813.32421875 34003.8984375 62811.52734375 40524.265625 40524.265625 62811.52734375 34003.8984375 45813.32421875 62811.52734375 26450.3359375 49710.37109375 62811.52734375 18093.095703125 52096.9921875 62811.52734375 9186.10546875 52900.671875 62811.52734375 0 52096.9921875 62811.52734375 -9186.10546875 -59801.671875 53639.609375 -21766.02734375 -62672.78125 53639.609375 -11050.90234375 -63639.609375 53639.609375 0 -62672.78125 53639.609375 11050.90234375 -59801.671875 53639.609375 21766.02734375 -55113.51953125 53639.609375 31819.8046875 -48750.7734375 53639.609375 40906.75390625 -40906.75390625 53639.609375 48750.7734375 -31819.8046875 53639.609375 55113.51953125 -21766.02734375 53639.609375 59801.671875 -11050.90234375 53639.609375 62672.78125 0 53639.609375 63639.609375 11050.90234375 53639.609375 62672.78125 21766.02734375 53639.609375 59801.671875 31819.8046875 53639.609375 55113.51953125 40906.75390625 53639.609375 48750.7734375 48750.7734375 53639.609375 40906.75390625 55113.51953125 53639.609375 31819.8046875 59801.671875 53639.609375 21766.02734375 62672.78125 53639.609375 11050.90234375 63639.609375 53639.609375 0 62672.78125 53639.609375 -11050.90234375 -68420.4609375 42900.671875 -24903.009765625 -71705.359375 42900.671875 -12643.5888671875 -72811.53125 42900.671875 0 -71705.359375 42900.671875 12643.5888671875 -68420.4609375 42900.671875 24903.009765625 -63056.63671875 42900.671875 36405.765625 -55776.8671875 42900.671875 46802.34765625 -46802.34765625 42900.671875 55776.8671875 -36405.765625 42900.671875 63056.63671875 -24903.009765625 42900.671875 68420.4609375 -12643.5888671875 42900.671875 71705.359375 0 42900.671875 72811.53125 12643.5888671875 42900.671875 71705.359375 24903.009765625 42900.671875 68420.4609375 36405.765625 42900.671875 63056.63671875 46802.34765625 42900.671875 55776.8671875 55776.8671875 42900.671875 46802.34765625 63056.63671875 42900.671875 36405.765625 68420.4609375 42900.671875 24903.009765625 71705.359375 42900.671875 12643.5888671875 72811.53125 42900.671875 0 71705.359375 42900.671875 -12643.5888671875 -75354.5 30859.14453125 -27426.796875 -78972.3125 30859.14453125 -13924.94921875 -80190.5859375 30859.14453125 0 -78972.3125 30859.14453125 13924.94921875 -75354.5 30859.14453125 27426.796875 -69447.0859375 30859.14453125 40095.29296875 -61429.5546875 30859.14453125 51545.515625 -51545.515625 30859.14453125 61429.5546875 -40095.29296875 30859.14453125 69447.0859375 -27426.796875 30859.14453125 75354.5 -13924.94921875 30859.14453125 78972.3125 0 30859.14453125 80190.5859375 13924.94921875 30859.14453125 78972.3125 27426.796875 30859.14453125 75354.5 40095.29296875 30859.14453125 69447.0859375 51545.515625 30859.14453125 61429.5546875 61429.5546875 30859.14453125 51545.515625 69447.0859375 30859.14453125 40095.29296875 75354.5 30859.14453125 27426.796875 78972.3125 30859.14453125 13924.94921875 80190.5859375 30859.14453125 0 78972.3125 30859.14453125 -13924.94921875 -80433.0703125 17811.529296875 -29275.244140625 -84294.703125 17811.529296875 -14863.4296875 -85595.0859375 17811.529296875 0 -84294.703125 17811.529296875 14863.4296875 -80433.0703125 17811.529296875 29275.244140625 -74127.515625 17811.529296875 42797.54296875 -65569.640625 17811.529296875 55019.4609375 -55019.4609375 17811.529296875 65569.640625 -42797.54296875 17811.529296875 74127.515625 -29275.244140625 17811.529296875 80433.0703125 -14863.4296875 17811.529296875 84294.703125 0 17811.529296875 85595.0859375 14863.4296875 17811.529296875 84294.703125 29275.244140625 17811.529296875 80433.0703125 42797.54296875 17811.529296875 74127.515625 55019.4609375 17811.529296875 65569.640625 65569.640625 17811.529296875 55019.4609375 74127.515625 17811.529296875 42797.54296875 80433.0703125 17811.529296875 29275.244140625 84294.703125 17811.529296875 14863.4296875 85595.0859375 17811.529296875 0 84294.703125 17811.529296875 -14863.4296875 -83531.109375 4079.101806640625 -30402.8359375 -87541.484375 4079.101806640625 -15435.92578125 -88891.953125 4079.101806640625 0 -87541.484375 4079.101806640625 15435.92578125 -83531.109375 4079.101806640625 30402.8359375 -76982.6875 4079.101806640625 44445.9765625 -68095.1875 4079.101806640625 57138.640625 -57138.640625 4079.101806640625 68095.1875 -44445.9765625 4079.101806640625 76982.6875 -30402.8359375 4079.101806640625 83531.109375 -15435.92578125 4079.101806640625 87541.484375 0 4079.101806640625 88891.953125 15435.92578125 4079.101806640625 87541.484375 30402.8359375 4079.101806640625 83531.109375 44445.9765625 4079.101806640625 76982.6875 57138.640625 4079.101806640625 68095.1875 68095.1875 4079.101806640625 57138.640625 76982.6875 4079.101806640625 44445.9765625 83531.109375 4079.101806640625 30402.8359375 87541.484375 4079.101806640625 15435.92578125 88891.953125 4079.101806640625 0 87541.484375 4079.101806640625 -15435.92578125 -84572.3359375 -10000 -30781.814453125 -88632.6953125 -10000 -15628.3359375 -90000 -10000 0 -88632.6953125 -10000 15628.3359375 -84572.3359375 -10000 30781.814453125 -77942.28125 -10000 45000 -68944 -10000 57850.8828125 -57850.8828125 -10000 68944 -45000 -10000 77942.28125 -30781.814453125 -10000 84572.3359375 -15628.3359375 -10000 88632.6953125 0 -10000 90000 15628.3359375 -10000 88632.6953125 30781.814453125 -10000 84572.3359375 45000 -10000 77942.28125 57850.8828125 -10000 68944 68944 -10000 57850.8828125 77942.28125 -10000 45000 84572.3359375 -10000 30781.814453125 88632.6953125 -10000 15628.3359375 90000 -10000 0 88632.6953125 -10000 -15628.3359375 84572.3359375 -10000 -30781.814453125 83531.109375 4079.101806640625 -30402.8359375 80433.0703125 17811.529296875 -29275.244140625 75354.5 30859.14453125 -27426.796875 68420.4609375 42900.671875 -24903.009765625 59801.671875 53639.609375 -21766.02734375 49710.37109375 62811.52734375 -18093.095703125 38395.03515625 70190.5859375 -13974.650390625 26134.2890625 75595.0859375 -9512.103515625 13230.0283203125 78891.9453125 -4815.33642578125</float_array>
                    <technique_common>
                        <accessor count="230" source="#pointarray4_VC" stride="3">
                            <param name="X" type="float"/>
                            <param name="Y" type="float"/>
                            <param name="Z" type="float"/>
                        </accessor>
                    </technique_common>
                </source>
                <source id="uvs4_VC">
                    <float_array id="uvarray4_VC" count="54">0.2490234375 0.66796875 0.0009765625 0.66796875 0.0009765625 0.9986979166666666 0.2509765625 0.9986979166666666 0.2509765625 0.66796875 0.4990234375 0.66796875 0.5009765625 0.66796875 0.7490234375 0.66796875 0.5009765625 0.9986979166666666 0.7509765625 0.66796875 0.9990234375 0.66796875 0.7509765625 0.9986979166666666 0.0009765625 0.33463541666666663 0.2490234375 0.33463541666666663 0.0009765625 0.6653645833333333 0.2509765625 0.33463541666666663 0.4990234375 0.33463541666666663 0.2509765625 0.6653645833333333 0.6240234375 0.33463541666666663 0.5009765625 0.6653645833333333 0.5009765625 0.33463541666666663 0.7509765625 0.33463541666666663 0.7509765625 0.6653645833333333 0.9990234375 0.33463541666666663 0.0009765625 0.0013020833333333703 0.2490234375 0.0013020833333333703 0.0009765625 0.33203125</float_array>
                    <technique_common>
                        <accessor count="1" source="#uvarray4_VC" stride="2">
                            <param name="S" type="float"/>
                            <param name="T" type="float"/>
                        </accessor>
                    </technique_common>
                </source>
                <vertices id="vertices4_VC">
                    <input semantic="POSITION" source="#points4_VC"/>
                </vertices>
                <polylist count="396" material="Material1">
                    <input offset="0" semantic="VERTEX" source="#vertices4_VC"/>
                    <input offset="1" semantic="TEXCOORD" source="#uvs4_VC" set="0"/>
                    <vcount>3 3 3 3 3 3 3 3 3 3 3 3 3 3 3 3 3 3 3 3 3 3 3 3 3 3 3 3 3 3 3 3 3 3 3 3 3 3 3 3 3 3 3 3 3 3 3 3 3 3 3 3 3 3 3 3 3 3 3 3 3 3 3 3 3 3 3 3 3 3 3 3 3 3 3 3 3 3 3 3 3 3 3 3 3 3 3 3 3 3 3 3 3 3 3 3 3 3 3 3 3 3 3 3 3 3 3 3 3 3 3 3 3 3 3 3 3 3 3 3 3 3 3 3 3 3 3 3 3 3 3 3 3 3 3 3 3 3 3 3 3 3 3 3 3 3 3 3 3 3 3 3 3 3 3 3 3 3 3 3 3 3 3 3 3 3 3 3 3 3 3 3 3 3 3 3 3 3 3 3 3 3 3 3 3 3 3 3 3 3 3 3 3 3 3 3 3 3 3 3 3 3 3 3 3 3 3 3 3 3 3 3 3 3 3 3 3 3 3 3 3 3 3 3 3 3 3 3 3 3 3 3 3 3 3 3 3 3 3 3 3 3 3 3 3 3 3 3 3 3 3 3 3 3 3 3 3 3 3 3 3 3 3 3 3 3 3 3 3 3 3 3 3 3 3 3 3 3 3 3 3 3 3 3 3 3 3 3 3 3 3 3 3 3 3 3 3 3 3 3 3 3 3 3 3 3 3 3 3 3 3 3 3 3 3 3 3 3 3 3 3 3 3 3 3 3 3 3 3 3 3 3 3 3 3 3 3 3 3 3 3 3 3 3 3 3 3 3 3 3 3 3 3 3 3 3 3 3 3 3 3 3 3 3 3 3 3 3 3 3 3 3 3 3 3 3 3 3 3 3 3 3 3 3 3 3 3 3 3 3 3 3 3 3 3 3</vcount>
                    <p>2 0 1 1 0 0 3 2 1 1 2 0 4 0 3 2 2 0 5 3 3 4 4 5 6 5 5 3 4 5 7 3 5 3 6 5 8 5 7 3 6 5 9 3 7 3 8 5 10 5 9 3 8 5 11 6 9 7 10 8 12 8 11 6 10 8 13 6 11 6 12 8 14 8 13 6 12 8 15 6 13 6 14 8 16 8 15 6 14 8 17 6 15 6 16 8 18 8 17 6 16 8 19 6 17 6 18 8 20 8 19 6 18 8 21 6 19 6 20 8 22 8 21 6 20 8 23 6 21 6 22 8 24 8 23 6 22 8 25 6 23 6 24 8 26 8 25 6 24 8 27 6 25 6 26 8 28 8 27 6 26 8 29 6 27 6 28 8 30 8 29 6 28 8 31 9 29 10 30 11 32 11 31 9 30 11 33 9 31 9 32 11 34 11 33 9 32 11 35 9 33 9 34 11 36 11 35 9 34 11 37 9 35 9 36 11 38 11 37 9 36 11 39 9 37 9 38 11 40 11 39 9 38 11 41 9 39 9 40 11 42 11 41 9 40 11 43 9 41 9 42 11 3 2 44 1 1 1 45 12 44 13 3 14 5 15 45 16 3 17 46 15 45 16 5 15 7 3 46 3 5 3 47 3 46 3 7 3 9 3 47 3 7 3 48 6 47 7 9 7 11 6 48 6 9 7 49 9 48 10 11 10 13 10 49 9 11 10 50 10 49 9 13 10 15 6 50 6 13 6 51 6 50 6 15 6 17 6 51 6 15 6 52 6 51 6 17 6 19 6 52 6 17 6 53 6 52 6 19 6 21 6 53 6 19 6 54 6 53 6 21 6 23 6 54 6 21 6 55 6 54 6 23 6 25 6 55 6 23 6 56 6 55 6 25 6 27 6 56 6 25 6 57 6 56 6 27 6 29 6 57 6 27 6 58 6 57 6 29 6 31 9 58 10 29 10 59 10 58 10 31 9 33 9 59 10 31 9 60 10 59 10 33 9 35 9 60 10 33 9 61 10 60 10 35 9 37 9 61 10 35 9 62 18 61 19 37 20 39 16 62 15 37 16 63 15 62 15 39 16 41 16 63 15 39 16 64 16 63 15 41 16 43 9 64 9 41 9 65 9 64 9 43 9 45 12 66 13 44 13 67 12 66 13 45 12 46 15 67 16 45 16 68 15 67 16 46 15 47 3 68 3 46 3 69 6 68 7 47 7 48 6 69 6 47 7 70 9 69 10 48 10 49 9 70 9 48 10 71 9 70 9 49 9 50 10 71 9 49 9 72 9 71 9 50 10 51 10 72 9 50 10 73 9 72 9 51 10 52 10 73 9 51 10 74 9 73 9 52 10 53 10 74 9 52 10 75 10 74 9 53 10 54 6 75 6 53 6 76 9 75 10 54 10 55 10 76 9 54 10 77 10 76 9 55 10 56 6 77 6 55 6 78 6 77 6 56 6 57 6 78 6 56 6 79 6 78 6 57 6 58 6 79 6 57 6 80 6 79 6 58 6 59 6 80 6 58 6 81 6 80 6 59 6 60 6 81 6 59 6 82 6 81 6 60 6 61 6 82 6 60 6 83 6 82 6 61 6 62 7 83 6 61 6 84 6 83 6 62 7 63 7 84 6 62 7 85 7 84 6 63 7 64 16 85 15 63 15 86 15 85 15 64 16 65 16 86 15 64 16 87 16 86 15 65 16 67 12 88 13 66 13 89 12 88 13 67 12 68 15 89 16 67 16 90 15 89 16 68 15 69 6 90 7 68 7 91 6 90 7 69 6 70 9 91 10 69 10 92 10 91 10 70 9 71 9 92 10 70 9 93 10 92 10 71 9 72 9 93 10 71 9 94 9 93 10 72 9 73 9 94 9 72 9 95 9 94 9 73 9 74 9 95 9 73 9 96 9 95 9 74 9 75 10 96 9 74 9 97 10 96 9 75 10 76 9 97 10 75 10 98 10 97 10 76 9 77 10 98 10 76 9 99 6 98 6 77 6 78 6 99 6 77 6 100 6 99 6 78 6 79 6 100 6 78 6 101 6 100 6 79 6 80 6 101 6 79 6 102 6 101 6 80 6 81 6 102 6 80 6 103 6 102 6 81 6 82 6 103 6 81 6 104 6 103 6 82 6 83 6 104 6 82 6 105 6 104 6 83 6 84 6 105 6 83 6 106 6 105 6 84 6 85 7 106 6 84 6 107 6 106 6 85 7 86 7 107 6 85 7 108 7 107 6 86 7 87 16 108 15 86 15 109 16 108 15 87 16 89 12 110 13 88 13 111 12 110 13 89 12 90 15 111 16 89 16 112 15 111 16 90 15 91 6 112 7 90 7 113 6 112 7 91 6 92 6 113 6 91 6 114 6 113 6 92 6 93 6 114 6 92 6 115 6 114 6 93 6 94 9 115 10 93 10 116 10 115 10 94 9 95 9 116 10 94 9 117 10 116 10 95 9 96 9 117 10 95 9 118 10 117 10 96 9 97 10 118 10 96 9 119 6 118 6 97 6 98 6 119 6 97 6 120 6 119 6 98 6 99 6 120 6 98 6 121 6 120 6 99 6 100 6 121 6 99 6 122 6 121 6 100 6 101 6 122 6 100 6 123 9 122 10 101 10 102 10 123 9 101 10 124 9 123 9 102 10 103 10 124 9 102 10 125 10 124 9 103 10 104 6 125 6 103 6 126 6 125 6 104 6 105 6 126 6 104 6 127 6 126 6 105 6 106 6 127 6 105 6 128 6 127 6 106 6 107 6 128 6 106 6 129 9 128 10 107 10 108 18 129 20 107 19 130 15 129 16 108 15 109 16 130 15 108 15 131 16 130 15 109 16 111 12 132 13 110 13 133 12 132 13 111 12 112 15 133 16 111 16 134 15 133 16 112 15 113 6 134 7 112 7 135 7 134 7 113 6 114 6 135 7 113 6 136 6 135 7 114 6 115 6 136 6 114 6 137 6 136 6 115 6 116 6 137 6 115 6 138 6 137 6 116 6 117 6 138 6 116 6 139 6 138 6 117 6 118 6 139 6 117 6 140 6 139 6 118 6 119 6 140 6 118 6 141 6 140 6 119 6 120 6 141 6 119 6 142 6 141 6 120 6 121 6 142 6 120 6 143 6 142 6 121 6 122 6 143 6 121 6 144 6 143 6 122 6 123 9 144 10 122 10 145 9 144 10 123 9 124 9 145 9 123 9 146 9 145 9 124 9 125 10 146 9 124 9 147 10 146 9 125 10 126 6 147 6 125 6 148 7 147 6 126 6 127 6 148 7 126 6 149 6 148 7 127 6 128 6 149 6 127 6 150 9 149 10 128 10 129 9 150 9 128 10 151 9 150 9 129 9 130 15 151 16 129 16 152 15 151 16 130 15 131 16 152 15 130 15 153 16 152 15 131 16 133 12 154 13 132 13 155 12 154 13 133 12 134 15 155 16 133 16 156 16 155 16 134 15 135 15 156 16 134 15 157 16 156 16 135 15 136 19 157 20 135 18 158 10 157 9 136 10 137 6 158 6 136 6 159 6 158 6 137 6 138 6 159 6 137 6 160 6 159 6 138 6 139 6 160 6 138 6 161 9 160 10 139 10 140 10 161 9 139 10 162 9 161 9 140 10 141 10 162 9 140 10 163 9 162 9 141 10 142 10 163 9 141 10 164 10 163 9 142 10 143 6 164 6 142 6 165 6 164 6 143 6 144 6 165 6 143 6 166 6 165 6 144 6 145 9 166 10 144 10 167 10 166 10 145 9 146 9 167 10 145 9 168 10 167 10 146 9 147 10 168 10 146 9 169 6 168 6 147 6 148 7 169 6 147 6 170 7 169 6 148 7 149 6 170 7 148 7 171 20 170 18 149 19 150 9 171 9 149 10 172 9 171 9 150 9 151 9 172 9 150 9 173 9 172 9 151 9 152 15 173 16 151 16 174 15 173 16 152 15 153 16 174 15 152 15 175 16 174 15 153 16 155 12 176 13 154 13 177 12 176 13 155 12 156 9 177 9 155 9 178 9 177 9 156 9 157 9 178 9 156 9 179 9 178 9 157 9 158 10 179 9 157 9 180 18 179 20 158 19 159 6 180 7 158 6 181 7 180 7 159 6 160 6 181 7 159 6 182 20 181 18 160 19 161 9 182 9 160 10 183 9 182 9 161 9 162 9 183 9 161 9 184 9 183 9 162 9 163 9 184 9 162 9 185 9 184 9 163 9 164 10 185 9 163 9 186 9 185 9 164 10 165 10 186 9 164 10 187 18 186 20 165 19 166 6 187 7 165 6 188 7 187 7 166 6 167 6 188 7 166 6 189 7 188 7 167 6 168 6 189 7 167 6 190 7 189 7 168 6 169 6 190 7 168 6 191 7 190 7 169 6 170 7 191 7 169 6 192 3 191 3 170 3 171 16 192 15 170 15 193 15 192 15 171 16 172 16 193 15 171 16 194 15 193 15 172 16 173 16 194 15 172 16 195 15 194 15 173 16 174 15 195 15 173 16 196 3 195 3 174 3 175 16 196 15 174 15 197 16 196 15 175 16 177 12 198 13 176 13 199 13 198 13 177 12 178 12 199 13 177 12 200 13 199 13 178 12 179 12 200 13 178 12 201 13 200 13 179 12 180 21 201 22 179 23 202 22 201 22 180 21 181 21 202 22 180 21 203 22 202 22 181 21 182 23 203 22 181 21 204 13 203 13 182 12 183 12 204 13 182 12 205 13 204 13 183 12 184 12 205 13 183 12 206 13 205 13 184 12 185 12 206 13 184 12 207 13 206 13 185 12 186 12 207 13 185 12 208 13 207 13 186 12 187 21 208 22 186 23 209 22 208 22 187 21 188 21 209 22 187 21 210 22 209 22 188 21 189 21 210 22 188 21 211 22 210 22 189 21 190 21 211 22 189 21 212 22 211 22 190 21 191 21 212 22 190 21 213 22 212 22 191 21 192 21 213 22 191 21 214 22 213 22 192 21 193 21 214 22 192 21 215 22 214 22 193 21 194 21 215 22 193 21 216 22 215 22 194 21 195 21 216 22 194 21 217 22 216 22 195 21 196 21 217 22 195 21 218 22 217 22 196 21 197 23 218 22 196 21 219 13 218 13 197 12 219 1 221 1 220 1 197 12 221 13 219 13 197 12 222 13 221 13 175 12 222 13 197 12 175 12 223 13 222 13 153 12 223 13 175 12 153 12 224 13 223 13 131 12 224 13 153 12 131 12 225 13 224 13 109 12 225 13 131 12 109 12 226 13 225 13 87 12 226 13 109 12 87 12 227 13 226 13 65 12 227 13 87 12 65 12 228 13 227 13 43 12 228 13 65 12 43 12 229 13 228 13 42 24 229 25 43 26</p>
                </polylist>
            </mesh>
        </geometry>
    </library_geometries>
    <library_visual_scenes>
        <visual_scene id="VisualSceneNode">
            <node id="node0" name="m0" type="NODE">
                <instance_geometry url="#mesh0">
                    <bind_material>
                        <technique_common>
                            <instance_material symbol="Material1" target="#mat0">
                                <bind_vertex_input semantic="UVSET0" input_semantic="TEXCOORD" input_set="0"></bind_vertex_input>
                            </instance_material>
                        </technique_common>
                    </bind_material>
                </instance_geometry>
            </node>
            <node id="node0_VC" name="m0_VC" type="NODE">
                <instance_geometry url="#mesh0_VC">
                    <bind_material>
                        <technique_common>
                            <instance_material symbol="Material1" target="#mat_vc">
                                <bind_vertex_input semantic="UVSET0" input_semantic="TEXCOORD" input_set="0"></bind_vertex_input>
                            </instance_material>
                        </technique_common>
                    </bind_material>
                </instance_geometry>
            </node>
            <node id="node1" name="m1" type="NODE">
                <instance_geometry url="#mesh1">
                    <bind_material>
                        <technique_common>
                            <instance_material symbol="Material1" target="#mat2">
                                <bind_vertex_input semantic="UVSET0" input_semantic="TEXCOORD" input_set="0"></bind_vertex_input>
                            </instance_material>
                        </technique_common>
                    </bind_material>
                </instance_geometry>
            </node>
            <node id="node1_VC" name="m1_VC" type="NODE">
                <instance_geometry url="#mesh1_VC">
                    <bind_material>
                        <technique_common>
                            <instance_material symbol="Material1" target="#mat_vc">
                                <bind_vertex_input semantic="UVSET0" input_semantic="TEXCOORD" input_set="0"></bind_vertex_input>
                            </instance_material>
                        </technique_common>
                    </bind_material>
                </instance_geometry>
            </node>
            <node id="node2" name="m2" type="NODE">
                <instance_geometry url="#mesh2">
                    <bind_material>
                        <technique_common>
                            <instance_material symbol="Material1" target="#mat1">
                                <bind_vertex_input semantic="UVSET0" input_semantic="TEXCOORD" input_set="0"></bind_vertex_input>
                            </instance_material>
                        </technique_common>
                    </bind_material>
                </instance_geometry>
            </node>
            <node id="node2_VC" name="m2_VC" type="NODE">
                <instance_geometry url="#mesh2_VC">
                    <bind_material>
                        <technique_common>
                            <instance_material symbol="Material1" target="#mat_vc">
                                <bind_vertex_input semantic="UVSET0" input_semantic="TEXCOORD" input_set="0"></bind_vertex_input>
                            </instance_material>
                        </technique_common>
                    </bind_material>
                </instance_geometry>
            </node>
            <node id="node3" name="m3" type="NODE">
                <instance_geometry url="#mesh3">
                    <bind_material>
                        <technique_common>
                            <instance_material symbol="Material1" target="#mat3">
                                <bind_vertex_input semantic="UVSET0" input_semantic="TEXCOORD" input_set="0"></bind_vertex_input>
                            </instance_material>
                        </technique_common>
                    </bind_material>
                </instance_geometry>
            </node>
            <node id="node3_VC" name="m3_VC" type="NODE">
                <instance_geometry url="#mesh3_VC">
                    <bind_material>
                        <technique_common>
                            <instance_material symbol="Material1" target="#mat_vc">
                                <bind_vertex_input semantic="UVSET0" input_semantic="TEXCOORD" input_set="0"></bind_vertex_input>
                            </instance_material>
                        </technique_common>
                    </bind_material>
                </instance_geometry>
            </node>
            <node id="node4" name="m4" type="NODE">
                <instance_geometry url="#mesh4">
                    <bind_material>
                        <technique_common>
                            <instance_material symbol="Material1" target="#mat4">
                                <bind_vertex_input semantic="UVSET0" input_semantic="TEXCOORD" input_set="0"></bind_vertex_input>
                            </instance_material>
                        </technique_common>
                    </bind_material>
                </instance_geometry>
            </node>
            <node id="node4_1" name="m4_1" type="NODE">
                <instance_geometry url="#mesh4_1">
                    <bind_material>
                        <technique_common>
                            <instance_material symbol="Material1" target="#mat4_1">
                                <bind_vertex_input semantic="UVSET0" input_semantic="TEXCOORD" input_set="0"></bind_vertex_input>
                            </instance_material>
                        </technique_common>
                    </bind_material>
                </instance_geometry>
            </node>
            <node id="node4_VC" name="m4_VC" type="NODE">
                <instance_geometry url="#mesh4_VC">
                    <bind_material>
                        <technique_common>
                            <instance_material symbol="Material1" target="#mat_vc">
                                <bind_vertex_input semantic="UVSET0" input_semantic="TEXCOORD" input_set="0"></bind_vertex_input>
                            </instance_material>
                        </technique_common>
                    </bind_material>
                </instance_geometry>
            </node>
        </visual_scene>
    </library_visual_scenes>
    <scene>
        <instance_visual_scene url="#VisualSceneNode"></instance_visual_scene>
    </scene>
</COLLADA>
